7066553692,"Luxurious 5 bedroom, 4.5 bathroom Home for Rent near UBC! Jan 1st!",10750.0,4100.0,5.0,POINT (-123.250946 49.27368),2020-01-31 09:23,2.6219512195121952
7055144411,Lovely New Condo on UBC Campus,2450.0,834.0,2.0,POINT (-123.239805 49.26385),2020-01-31 07:20,2.937649880095924
7066654251,"Two Bedroom Rental, Fitness Facility & Pool, Available Now!",2550.0,970.0,2.0,POINT (-123.240805 49.26491),2020-01-31 11:27,2.6288659793814437
7066654047,"One Bedroom Rental, Fitness Facility & Pool, Available Feb 1st!",1630.0,665.0,1.0,POINT (-123.241756 49.26606),2020-01-31 11:27,2.4511278195488724
7066653791,"Fully Renovated Two Bedroom, Fitness Facility/Pool, Available Feb 1st!",2730.0,910.0,2.0,POINT (-123.241756 49.26606),2020-01-31 11:27,3.0
7060473354,Luxury Senior Living at Tapestry Wesbrook Village,9000.0,1245.0,2.0,POINT (-123.2088 49.249),2020-01-31 15:01,7.2289156626506035
7061140465,Great Location,1450.0,700.0,1.0,POINT (-123.2088 49.249),2020-01-31 13:53,2.0714285714285716
7052800352,UBC Wesbrook Village 2 bdrm 2 bath,2700.0,795.0,2.0,POINT (-123.236539 49.25157),2020-01-31 12:55,3.3962264150943398
7056937206,BEAUTIFUL BRIGHT GARDEN SUITE,3200.0,1200.0,2.0,POINT (-123.251274 49.27116),2020-01-31 12:50,2.6666666666666665
7066883928,UBC 1 Bed + Den 2 Bath Penthouse w/ Balcony @ Spirit,1900.0,733.0,1.0,POINT (-123.233465 49.25284),2020-01-31 17:24,2.592087312414734
7064890361,"Luxury UBC Home with Forest Views, Air Conditioning and more!",3300.0,887.0,2.0,POINT (-123.230478 49.25361),2020-01-31 16:35,3.7204058624577225
7065393962,UBC - Rare Home Available to The Laureates with Air Conditioning,2800.0,878.0,2.0,POINT (-123.231121 49.2542),2020-01-31 16:34,3.1890660592255125
7048177741,1701-3355 Binning Road Vancouver,4900.0,1590.0,3.0,POINT (-123.230036 49.25315),2020-01-31 16:15,3.0817610062893084
7059268014,Renovated 2 Bedroom Garden Suite,2000.0,875.0,2.0,POINT (-123.2088 49.249),2020-02-04 16:49,2.2857142857142856
7069147138,Two bedroom apartment for rent $2100,2100.0,900.0,2.0,POINT (-123.247909 49.2708),2020-02-04 13:53,2.333333333333333
7069132806,"Two Bedroom Rental, Fitness Facility & Pool, Available Now!",2550.0,970.0,2.0,POINT (-123.240805 49.26491),2020-02-04 13:33,2.628865979381444
7069342403,"UBC Best Location Wesbrook Mall – 2 Bed + Den, 2 Bath, 1,000 Sq. Ft.",3200.0,1000.0,2.0,POINT (-123.234371 49.25322),2020-02-04 20:48,3.2
7059236561,UBC -Luxury Well Kept 2 Bed 2Bath at UBC (Unfurnished) Spirit Building,2700.0,1000.0,2.0,POINT (-123.2088 49.249),2020-02-04 19:16,2.7
7069132806,"Two Bedroom Rental, Fitness Facility & Pool, Available Now!",2550.0,970.0,2.0,POINT (-123.240805 49.26491),2020-02-04 13:33,2.6288659793814437
7066408763,UBC one bed room condo brand-new,886000.0,625.0,1.0,POINT (-123.251302 49.25986),2020-02-04 23:41,1417.6
7069362867,UBC Chaucer Hall 1 bed  in University Village  $2400/M,2400.0,650.0,1.0,POINT (-123.243374 49.26435),2020-02-04 22:26,3.6923076923076934
7069362867,UBC Chaucer Hall 1 bed  in University Village  $2400/M,2400.0,650.0,1.0,POINT (-123.243374 49.26435),2020-02-04 22:26,3.692307692307693
7066331913,Wesbrook Ultra-luxury Spacious Condo,5500.0,1910.0,3.0,POINT (-123.234474 49.25508),2020-02-05 10:59,2.8795811518324608
7069542394,"850 sf Laneway house for rent, two bedrooms",2200.0,850.0,2.0,POINT (-123.2088 49.249),2020-02-05 08:37,2.588235294117647
7052800352,UBC Wesbrook Village 2 bdrm 2 bath,2600.0,795.0,2.0,POINT (-123.236539 49.25157),2020-02-05 08:14,3.2704402515723263
7055144411,Lovely New Condo on UBC Campus,2450.0,834.0,2.0,POINT (-123.239805 49.26385),2020-02-05 07:08,2.9376498800959236
7069869071,"One Bedroom Rental, Fitness Facility & Pool, Available Now!",1630.0,665.0,1.0,POINT (-123.241756 49.26606),2020-02-05 15:51,2.4511278195488724
7069868866,"Renovated Two Bedroom, Fitness Facility/Pool, Available Feb 15th!",2730.0,910.0,2.0,POINT (-123.241756 49.26606),2020-02-05 15:51,3.0
7069868089,"One Bedroom Rental, Fitness Facility & Pool, Available Now!",1700.0,665.0,1.0,POINT (-123.242033 49.26472),2020-02-05 15:49,2.556390977443609
7066883928,UBC 1 Bed + Den 2 Bath Penthouse w/ Balcony @ Spirit,1900.0,733.0,1.0,POINT (-123.233465 49.25284),2020-02-05 15:38,2.592087312414734
7064890361,"Luxury UBC Home with Forest Views, Air Conditioning and more!",3300.0,887.0,2.0,POINT (-123.230478 49.25361),2020-02-05 15:02,3.7204058624577225
7065393962,UBC - Rare Home Available to The Laureates with Air Conditioning,2800.0,878.0,2.0,POINT (-123.231121 49.2542),2020-02-05 15:01,3.1890660592255125
7066077727,Great Location for UBC Student-University 2BR+Den Suite@Prodigy Now!!,3000.0,950.0,2.0,POINT (-123.235939 49.25193),2020-02-05 14:24,3.1578947368421053
7069789460,3355 Binning Rd. UBC View Apt.,4900.0,1590.0,3.0,POINT (-123.214365 49.25028),2020-02-05 14:05,3.0817610062893084
7065988910,Beautiful new 2  Bedroom for rent (UBC Wesbrook Village),3100.0,900.0,2.0,POINT (-123.2088 49.249),2020-02-05 22:42,3.4444444444444446
7062653391,"(UBC) #204-5725 Agronomy Road, Vancouver",2850.0,944.0,2.0,POINT (-123.240083 49.2638),2020-02-06 01:38,3.0190677966101696
7065377723,High ceiling and bright basement suit,2100.0,800.0,2.0,POINT (-123.2088 49.249),2020-02-06 11:13,2.625
7065623417,The bright basement suit,2100.0,850.0,2.0,POINT (-123.2088 49.249),2020-02-06 11:12,2.4705882352941178
7053541864,1bdrm + Den,2230.0,600.0,1.0,POINT (-123.248062 49.26601),2020-02-06 10:54,3.716666666666667
7068977685,UBC Townhouse Style 1 Bed + Den w/ Covered Porch @ Liberta,1990.0,715.0,1.0,POINT (-123.234087 49.26225),2020-02-06 10:54,2.783216783216784
7053534822,2bdrm for rent on UBC campus,2580.0,700.0,2.0,POINT (-123.248105 49.26602),2020-02-06 10:53,3.6857142857142855
7053535165,Studio for rent on UBC campus,1700.0,448.0,,POINT (-123.248384 49.26583),2020-02-06 10:52,3.7946428571428568
7061140465,Great Location,1425.0,700.0,1.0,POINT (-123.2088 49.249),2020-02-06 10:15,2.0357142857142856
7056937206,BEAUTIFUL BRIGHT GARDEN SUITE,3200.0,1200.0,2.0,POINT (-123.251274 49.27116),2020-02-06 09:58,2.6666666666666665
7070170977,"!!!Prestigious 2 Bedroom, 2 bath @ Binning Tower!!!!",3000.0,831.0,2.0,POINT (-123.230938 49.25477),2020-02-06 08:21,3.610108303249097
7070351636,"Luxurious 5 bedroom, 4.5 bathroom Home for Rent near UBC! Jan 1st!",10750.0,4100.0,5.0,POINT (-123.250946 49.27368),2020-02-06 12:01,2.6219512195121952
7059236561,UBC -Luxury Well Kept 2 Bed 2Bath at UBC (Unfurnished) Spirit Building,2700.0,1000.0,2.0,POINT (-123.2088 49.249),2020-02-06 23:03,2.7
7060046729,UBC campus high rise two bedroom plus 1 den apartment for rent,3300.0,930.0,2.0,POINT (-123.235313 49.25427),2020-02-06 20:14,3.5483870967741935
7070506905,"2 Bedroom, 2 Parking Stalls Condo located at UBC!!!",2850.0,896.0,2.0,POINT (-123.2088 49.249),2020-02-06 15:49,3.180803571428572
7070500239,"Two Bedroom Rental, Fitness Facility & Pool, Available Now!",2550.0,970.0,2.0,POINT (-123.240805 49.26491),2020-02-06 15:36,2.628865979381444
7059236561,UBC -Luxury Well Kept 2 Bed 2Bath at UBC (Unfurnished) Spirit Building,2700.0,1000.0,2.0,POINT (-123.2088 49.249),2020-02-09 15:24,2.7
7070806005,"Large, bright, top floor, 2-bedroom corner unit at UBC",2300.0,1000.0,2.0,POINT (-123.238237 49.26599),2020-02-09 14:40,2.3
7068977685,UBC Townhouse Style 1 Bed + Den w/ Covered Porch @ Liberta,1990.0,715.0,1.0,POINT (-123.234087 49.26225),2020-02-09 13:44,2.783216783216784
7072255715,Brand new 3 Br 2 Bath in Wesbrook Village,1400.0,1300.0,1.0,POINT (-123.230467 49.25407),2020-02-09 13:43,1.0769230769230769
7072240548,Dunbar area,3000.0,1050.0,2.0,POINT (-123.2088 49.249),2020-02-09 13:18,2.8571428571428568
7061140465,Great Location,1425.0,700.0,1.0,POINT (-123.2088 49.249),2020-02-09 12:41,2.0357142857142856
7069789460,3355 Binning Rd. UBC View Apt.,4900.0,1590.0,3.0,POINT (-123.214365 49.25028),2020-02-09 11:45,3.0817610062893084
7072177357,Classic Heritage 3 bed 1/2 duplex,4800.0,1550.0,3.0,POINT (-123.233986 49.28312),2020-02-09 11:40,3.0967741935483866
7066883928,UBC 1 Bed + Den 2 Bath Penthouse w/ Balcony @ Spirit,1900.0,733.0,1.0,POINT (-123.233465 49.25284),2020-02-09 10:52,2.592087312414734
7066408763,UBC one bed room condo brand-new,886000.0,625.0,1.0,POINT (-123.251302 49.25986),2020-02-09 08:42,1417.6
7073132807,UBC brand new furnished 3bedroom high rise,4800.0,1300.0,3.0,POINT (-123.23042 49.254),2020-02-10 23:45,3.6923076923076934
7056922302,UBC OLD BARN 3bedroom plus den,4900.0,2300.0,3.0,POINT (-123.247021 49.25934),2020-02-10 23:28,2.130434782608696
7062653391,"(UBC) #204-5725 Agronomy Road, Vancouver",2850.0,944.0,2.0,POINT (-123.240083 49.2638),2020-02-11 02:58,3.0190677966101696
7073141616,✉Amazing Private Bedroom/Bath in Senior Golf Community✉,550.0,1480.0,,POINT (-123.2088 49.249),2020-02-11 02:27,0.3716216216216216
7073132807,UBC brand new furnished 3bedroom high rise,4800.0,1300.0,3.0,POINT (-123.23042 49.254),2020-02-10 23:45,3.692307692307693
7071126258,Great Location for UBC Student-University 2BR+Den Suite@Prodigy Now!!,3000.0,950.0,2.0,POINT (-123.235939 49.25193),2020-02-11 11:18,3.1578947368421053
7069042661,UBC 2 Bed 2 Bath Condo w/ Fireplace & Balcony @ Winslow Commons,2950.0,985.0,2.0,POINT (-123.241205 49.2638),2020-02-11 10:49,2.9949238578680197
7065988910,Beautiful new 2  Bedroom for rent (UBC Wesbrook Village),3100.0,900.0,2.0,POINT (-123.2088 49.249),2020-02-11 21:59,3.4444444444444446
7073725546,Brand New 10th Floor - 2 Bedroom + 2 Bathroom Unit by Polygon Homes,1700.0,887.0,2.0,POINT (-123.230596 49.25375),2020-02-11 19:26,1.916572717023676
7073676343,A nice basement,1400.0,850.0,2.0,POINT (-123.2088 49.249),2020-02-11 17:22,1.6470588235294117
7066331913,Wesbrook Ultra-luxury Spacious Condo,5500.0,1910.0,3.0,POINT (-123.234474 49.25508),2020-02-11 17:20,2.8795811518324608
7073641238,Stunning 2 bedroom (+ Den),3100.0,830.0,2.0,POINT (-123.248302 49.25848),2020-02-11 16:12,3.7349397590361435
7069789460,3355 Binning Rd. UBC View Apt.,4900.0,1590.0,3.0,POINT (-123.214365 49.25028),2020-02-11 15:23,3.0817610062893084
7073641238,Stunning 2 bedroom (+ Den),3100.0,830.0,2.0,POINT (-123.248302 49.25848),2020-02-11 16:12,3.734939759036144
7073882788,Lovely New Condo on UBC Campus,2450.0,834.0,2.0,POINT (-123.239805 49.26385),2020-02-12 07:11,2.937649880095924
7066883928,UBC 1 Bed + Den 2 Bath Penthouse w/ Balcony @ Spirit,1900.0,733.0,1.0,POINT (-123.233465 49.25284),2020-02-12 10:49,2.592087312414734
7066408763,UBC one bed room condo brand-new,886000.0,625.0,1.0,POINT (-123.251302 49.25986),2020-02-12 10:15,1417.6
7074026017,"2 Bedroom, 2 Parking Stalls Condo located at UBC!!!",2850.0,896.0,2.0,POINT (-123.2088 49.249),2020-02-12 10:12,3.180803571428572
7073882788,Lovely New Condo on UBC Campus,2450.0,834.0,2.0,POINT (-123.239805 49.26385),2020-02-12 07:11,2.9376498800959236
7061140465,Great Location,1425.0,700.0,1.0,POINT (-123.2088 49.249),2020-02-12 13:22,2.0357142857142856
7074164931,Bright 2 Bedroom Suite - UBC North Campus,2800.0,808.0,2.0,POINT (-123.252053 49.27012),2020-02-12 13:09,3.4653465346534653
7074164726,Bright 2 Bedroom Suite - UBC North Campus,2700.0,808.0,2.0,POINT (-123.252053 49.27012),2020-02-12 13:08,3.3415841584158414
7068977685,UBC Townhouse Style 1 Bed + Den w/ Covered Porch @ Liberta,1990.0,715.0,1.0,POINT (-123.234087 49.26225),2020-02-12 12:35,2.783216783216784
7056937206,BEAUTIFUL BRIGHT GARDEN SUITE,3200.0,1200.0,2.0,POINT (-123.251274 49.27116),2020-02-12 12:19,2.6666666666666665
7074125545,"One Bedroom Rental, Fitness Facility & Pool, Available Now!",1630.0,665.0,1.0,POINT (-123.241756 49.26606),2020-02-12 12:15,2.4511278195488724
7074125118,"Renovated Two Bedroom, Fitness Facility/Pool, Available Feb 15th!",2730.0,910.0,2.0,POINT (-123.241756 49.26606),2020-02-12 12:15,3.0
7074124865,"One Bedroom Rental, Fitness Facility & Pool, Available Now!",1700.0,665.0,1.0,POINT (-123.242033 49.26472),2020-02-12 12:14,2.556390977443609
7074124509,"Two Bedroom Rental, Fitness Facility & Pool, Available Now!",2550.0,970.0,2.0,POINT (-123.240805 49.26491),2020-02-12 12:14,2.628865979381444
7065941717,1 YR New 2 bedrooms 1 Den Condo in UBC Wesbrook Village (AR115),3200.0,918.0,2.0,POINT (-123.234151 49.25103),2020-02-12 12:02,3.4858387799564268
7065393962,UBC - Rare Home Available to The Laureates with Air Conditioning,2800.0,878.0,2.0,POINT (-123.231121 49.2542),2020-02-12 11:46,3.1890660592255125
7064890361,"Luxury UBC Home with Forest Views, Air Conditioning and more!",3300.0,887.0,2.0,POINT (-123.230478 49.25361),2020-02-12 11:46,3.7204058624577225
7059236561,UBC -Luxury Well Kept 2 Bed 2Bath at UBC (Unfurnished) Spirit Building,2700.0,1000.0,2.0,POINT (-123.2088 49.249),2020-02-12 11:44,2.7
7074068203,1 Bedroom Garden Suite - UBC North Campus,1900.0,354.0,1.0,POINT (-123.252053 49.27012),2020-02-12 11:02,5.367231638418079
7070806005,"Large, bright, top floor, 2-bedroom corner unit at UBC",2300.0,1000.0,2.0,POINT (-123.238237 49.26599),2020-02-12 15:05,2.3
7074164726,Bright 2 Bedroom Suite - UBC North Campus,2700.0,808.0,2.0,POINT (-123.252053 49.27012),2020-02-12 13:08,3.341584158415841
7074124509,"Two Bedroom Rental, Fitness Facility & Pool, Available Now!",2550.0,970.0,2.0,POINT (-123.240805 49.26491),2020-02-12 12:14,2.6288659793814437
7060473354,Luxury Senior Living at Tapestry Wesbrook Village,9000.0,1245.0,2.0,POINT (-123.2088 49.249),2020-02-12 22:24,7.2289156626506035
7069757826,UBC 2Br share 1 room at Wesbrook village! (2051620),1400.0,700.0,,POINT (-123.234973 49.25228),2020-02-12 21:18,2.0
7074358999,New Big 2 Bedroom for rent (UBC Wesbrook Village),3100.0,900.0,2.0,POINT (-123.221283 49.2451),2020-02-12 19:12,3.4444444444444446
7074278734,FOR SALE! Mixed-use development site!,0.0,6600.0,,POINT (-123.2088 49.249),2020-02-12 16:08,0.0
7074265242,DISNEY LAND IN ORLANDO,1.0,800.0,2.0,POINT (-123.253733 49.27126),2020-02-12 15:44,0.00125
7074425323,TWO FLOOR PENTHOUSE CONDO IN UBC!!!,6500.0,2133.0,4.0,POINT (-123.25318 49.27072),2020-02-13 01:17,3.0473511486169715
7072240548,Dunbar area,3000.0,1050.0,2.0,POINT (-123.2088 49.249),2020-02-13 14:26,2.8571428571428568
7069042661,UBC 2 Bed 2 Bath Condo w/ Fireplace & Balcony @ Winslow Commons,2950.0,985.0,2.0,POINT (-123.241205 49.2638),2020-02-13 14:22,2.9949238578680197
7072177357,Classic Heritage 3 bed 1/2 duplex,4800.0,1550.0,3.0,POINT (-123.233986 49.28312),2020-02-13 17:54,3.0967741935483866
7074960252,Amazing 2Bed+1Den+2Bath Apartment UBC with parking,3000.0,858.0,2.0,POINT (-123.2088 49.249),2020-02-13 17:42,3.4965034965034967
7074907035,"Spacious 2 bed + den, 2 full bath 1300sqft",3500.0,1300.0,2.0,POINT (-123.247745 49.25614),2020-02-13 15:54,2.6923076923076925
7069042661,UBC 2 Bed 2 Bath Condo w/ Fireplace & Balcony @ Winslow Commons,2950.0,985.0,2.0,POINT (-123.241205 49.2638),2020-02-13 14:22,2.99492385786802
7073882788,Lovely New Condo on UBC Campus,2450.0,834.0,2.0,POINT (-123.239805 49.26385),2020-02-14 07:21,2.937649880095924
7064890361,"Luxury UBC Home with Forest Views, Air Conditioning and more!",3300.0,887.0,2.0,POINT (-123.230478 49.25361),2020-02-14 17:34,3.7204058624577225
7065393962,UBC - Rare Home Available to The Laureates with Air Conditioning,2800.0,878.0,2.0,POINT (-123.231121 49.2542),2020-02-14 17:34,3.1890660592255125
7062653391,"(UBC) #204-5725 Agronomy Road, Vancouver",2850.0,944.0,2.0,POINT (-123.240083 49.2638),2020-02-14 17:16,3.0190677966101696
7075567211,"One Bedroom Rental, Fitness Facility & Pool, Available Now!",1630.0,665.0,1.0,POINT (-123.241756 49.26606),2020-02-14 17:01,2.4511278195488724
7075565766,"Renovated Two Bedroom, Fitness Facility/Pool, Available Feb 15th!",2730.0,910.0,2.0,POINT (-123.241756 49.26606),2020-02-14 16:58,3.0
7075535162,"2 Bedroom, 2 Parking Stalls Condo located at UBC!!!",2850.0,896.0,2.0,POINT (-123.2088 49.249),2020-02-14 15:56,3.180803571428572
7066883928,UBC 1 Bed + Den 2 Bath Penthouse w/ Balcony @ Spirit,1900.0,733.0,1.0,POINT (-123.233465 49.25284),2020-02-14 14:22,2.592087312414734
7075439524,1BR AVAILABLE IN AN APARTMENT IN WESBROOK VILLAGE UBC,1600.0,1000.0,,POINT (-123.2088 49.249),2020-02-14 13:26,1.6
7075398105,"One Bedroom Rental, Fitness Facility & Pool, Available Now!",1700.0,665.0,1.0,POINT (-123.242033 49.26472),2020-02-14 12:29,2.556390977443609
7075397859,"Two Bedroom Rental, Fitness Facility & Pool, Available Now!",2550.0,970.0,2.0,POINT (-123.240805 49.26491),2020-02-14 12:29,2.6288659793814437
7075667082,Furnished UBC 2bed/2bath condo for rent!,2900.0,998.0,2.0,POINT (-123.247451 49.258),2020-02-14 23:48,2.905811623246493
7075660519,"UBC Best Location Wesbrook Mall – 2 Bed + Den, 2 Bath, 1,000 Sq. Ft.",3200.0,1000.0,2.0,POINT (-123.234371 49.25322),2020-02-14 22:52,3.2
7066331913,Wesbrook Ultra-luxury Spacious Condo,5500.0,1910.0,3.0,POINT (-123.234474 49.25508),2020-02-15 11:51,2.8795811518324608
7061140465,Great Location,1425.0,700.0,1.0,POINT (-123.2088 49.249),2020-02-15 11:21,2.0357142857142856
7075895479,UBC wesbrook penthous 2Bedroom plus Den,3200.0,1100.0,2.0,POINT (-123.235402 49.25214),2020-02-15 10:01,2.9090909090909087
7073132807,UBC brand new furnished 3bedroom high rise,4800.0,1300.0,3.0,POINT (-123.23042 49.254),2020-02-15 09:42,3.692307692307693
7066408763,UBC one bed room condo brand-new,886000.0,625.0,1.0,POINT (-123.251302 49.25986),2020-02-15 09:12,1417.6
7068977685,UBC Townhouse Style 1 Bed + Den w/ Covered Porch @ Liberta,1990.0,715.0,1.0,POINT (-123.234087 49.26225),2020-02-15 15:48,2.783216783216784
7073132807,UBC brand new furnished 3bedroom high rise,4800.0,1300.0,3.0,POINT (-123.23042 49.254),2020-02-15 09:42,3.6923076923076934
7072925911,"UBC Best Location Wesbrook Mall Penthouse – 2 Bed + Den, 2 Bath",3300.0,1000.0,2.0,POINT (-123.234862 49.25348),2020-02-15 21:54,3.3
7076292728,✉Amazing Private Bedroom/Bath in Senior Golf Community✉,550.0,1480.0,,POINT (-123.2088 49.249),2020-02-16 04:32,0.3716216216216216
7069042661,UBC 2 Bed 2 Bath Condo w/ Fireplace & Balcony @ Winslow Commons,2950.0,985.0,2.0,POINT (-123.241205 49.2638),2020-02-16 15:20,2.99492385786802
7069789460,3355 Binning Rd. UBC View Apt.,4900.0,1590.0,3.0,POINT (-123.214365 49.25028),2020-02-16 19:05,3.0817610062893084
7069042661,UBC 2 Bed 2 Bath Condo w/ Fireplace & Balcony @ Winslow Commons,2950.0,985.0,2.0,POINT (-123.241205 49.2638),2020-02-16 15:20,2.9949238578680197
7062653391,"(UBC) #204-5725 Agronomy Road, Vancouver",2850.0,944.0,2.0,POINT (-123.240083 49.2638),2020-02-17 00:29,3.0190677966101696
7065988910,Beautiful new 2  Bedroom for rent (UBC Wesbrook Village),3100.0,900.0,2.0,POINT (-123.233514 49.25277),2020-02-16 22:46,3.4444444444444446
7074358999,New Big 2 Bedroom for rent (UBC Wesbrook Village),3100.0,900.0,2.0,POINT (-123.235381 49.25202),2020-02-16 22:45,3.4444444444444446
7060473354,Luxury Senior Living at Tapestry Wesbrook Village,9000.0,1245.0,2.0,POINT (-123.2088 49.249),2020-02-16 22:32,7.2289156626506035
7073882788,Lovely New Condo on UBC Campus,2450.0,834.0,2.0,POINT (-123.239805 49.26385),2020-02-17 07:22,2.937649880095924
7066883928,UBC 1 Bed + Den 2 Bath Penthouse w/ Balcony @ Spirit,1900.0,733.0,1.0,POINT (-123.233465 49.25284),2020-02-17 11:17,2.592087312414734
7077098597,UBC Hampton Place,1770.0,650.0,1.0,POINT (-123.233084 49.25813),2020-02-17 10:48,2.723076923076924
7073882788,Lovely New Condo on UBC Campus,2450.0,834.0,2.0,POINT (-123.239805 49.26385),2020-02-17 07:22,2.9376498800959236
7077277642,"UBC Best Location Wesbrook Mall Penthouse – 2 Bed + Den, 2 Bath",3400.0,1000.0,2.0,POINT (-123.234862 49.25348),2020-02-17 14:28,3.4
7075660519,"UBC Best Location Wesbrook Mall – 2 Bed + Den, 2 Bath, 1,000 Sq. Ft.",3200.0,1000.0,2.0,POINT (-123.234371 49.25322),2020-02-17 14:27,3.2
7077274455,Amazing 2Bed+1Den+2Bath Apartment UBC with parking,3000.0,858.0,2.0,POINT (-123.2088 49.249),2020-02-17 14:24,3.4965034965034967
7073132807,UBC brand new furnished 3bedroom high rise,4800.0,1300.0,3.0,POINT (-123.23042 49.254),2020-02-17 20:41,3.6923076923076934
7075895479,UBC wesbrook penthous 2Bedroom plus Den,3200.0,1100.0,2.0,POINT (-123.235402 49.25214),2020-02-17 20:41,2.9090909090909087
7077448339,Furnished new bedroom in UBC Wesbrook Village,1250.0,1300.0,1.0,POINT (-123.230467 49.25407),2020-02-17 20:09,0.9615384615384616
7077489547,5 bedrooms house in Dunbar area,3500.0,2300.0,5.0,POINT (-123.2088 49.249),2020-02-17 23:24,1.5217391304347827
7077482973,An on campus condo,2300.0,650.0,1.0,POINT (-123.233559 49.2585),2020-02-17 22:38,3.5384615384615383
7069757826,UBC 2Br share 1 room at Wesbrook village! (2051620),1400.0,700.0,,POINT (-123.234973 49.25228),2020-02-17 21:23,2.0
7077462380,UBC WESBROOK furnished 2bedroom plus den for rent,3300.0,1100.0,2.0,POINT (-123.234501 49.25159),2020-02-17 20:58,3.0
7073132807,UBC brand new furnished 3bedroom high rise,4800.0,1300.0,3.0,POINT (-123.23042 49.254),2020-02-17 20:41,3.692307692307693
7077493185,"2 Bedroom, 2 Parking Stalls Condo located at UBC!!!",2850.0,896.0,2.0,POINT (-123.2088 49.249),2020-02-17 23:56,3.180803571428572
7066408763,UBC one bed room condo brand-new,886000.0,625.0,1.0,POINT (-123.251302 49.25986),2020-02-18 08:00,1417.6
7076292728,✉Amazing Private Bedroom/Bath in Senior Golf Community✉,550.0,1480.0,,POINT (-123.2088 49.249),2020-02-18 07:16,0.3716216216216216
7078059272,UBC - 2-bed 2-bath 4th floor suite in University Village,2750.0,850.0,2.0,POINT (-123.230896 49.25973),2020-02-18 17:36,3.2352941176470584
7077984146,#1402-5615 HAMPTON PLACE,1549000.0,1731.0,2.0,POINT (-123.233975 49.25873),2020-02-18 15:17,894.8584633160021
7077924190,"Renovated Two Bedroom, Fitness Facility/Pool, Available Now!",2730.0,910.0,2.0,POINT (-123.241756 49.26606),2020-02-18 13:47,3.0
7077923798,"One Bedroom Rental, Fitness Facility & Pool, Available Now!",1630.0,665.0,1.0,POINT (-123.241756 49.26606),2020-02-18 13:47,2.4511278195488724
7073454031,UBC | Unfurnished 2 bed 2 bath townhouse at Greenwood Commons,3100.0,960.0,2.0,POINT (-123.240595 49.26092),2020-02-18 13:15,3.2291666666666665
7065941717,1 YR New 2 bedrooms 1 Den Condo in UBC Wesbrook Village (AR115),3200.0,918.0,2.0,POINT (-123.234151 49.25103),2020-02-18 13:01,3.4858387799564268
7074425323,TWO FLOOR PENTHOUSE CONDO IN UBC!!!,6500.0,2133.0,4.0,POINT (-123.25318 49.27072),2020-02-18 22:31,3.0473511486169715
7074907035,"Spacious 2 bed + den, 2 full bath 1300sqft",3500.0,1300.0,2.0,POINT (-123.247745 49.25614),2020-02-19 07:52,2.6923076923076925
7073882788,Lovely New Condo on UBC Campus,2450.0,834.0,2.0,POINT (-123.239805 49.26385),2020-02-19 07:28,2.9376498800959236
7069757826,UBC 2Br share 1 room at Wesbrook village! (2051620),1400.0,700.0,,POINT (-123.234973 49.25228),2020-02-19 22:20,2.0
7065623417,The bright basement suit,2100.0,850.0,2.0,POINT (-123.2088 49.249),2020-02-19 18:23,2.4705882352941178
7065377723,High ceiling and bright basement suit,1990.0,800.0,2.0,POINT (-123.2088 49.249),2020-02-19 18:23,2.4875
7073676343,A nice basement,1500.0,850.0,2.0,POINT (-123.2088 49.249),2020-02-19 18:22,1.7647058823529411
7072240548,"Dunbar area, furnished, utilities, tv,internet included",3000.0,1050.0,2.0,POINT (-123.2088 49.249),2020-02-19 17:54,2.8571428571428568
7062653391,"(UBC) #204-5725 Agronomy Road, Vancouver",2850.0,944.0,2.0,POINT (-123.240083 49.2638),2020-02-19 16:31,3.0190677966101696
7078661744,Dunbar Beauty,3995.0,1743.0,3.0,POINT (-123.2088 49.249),2020-02-19 15:53,2.2920252438324726
7068977685,UBC Townhouse Style 1 Bed + Den w/ Covered Porch @ Liberta,1990.0,715.0,1.0,POINT (-123.234087 49.26225),2020-02-19 15:39,2.783216783216784
7077277642,"UBC Best Location Wesbrook Mall Penthouse – 2 Bed + Den, 2 Bath",3400.0,1000.0,2.0,POINT (-123.234862 49.25348),2020-02-19 15:25,3.4
7078645170,"UBC Best Location Wesbrook Mall – 2 Bed + Den, 2 Bath, 1,000 Sq. Ft.",3200.0,1000.0,2.0,POINT (-123.234371 49.25322),2020-02-19 15:24,3.2
7078612599,Amazing 2Bed+1Den+2Bath Apartment UBC with parking,2900.0,858.0,2.0,POINT (-123.2088 49.249),2020-02-19 14:31,3.3799533799533794
7079340038,UBC - SITKA 2 bedroom FOR RENT,3500.0,1050.0,2.0,POINT (-123.250686 49.26002),2020-02-20 16:58,3.333333333333333
7079289325,"Renovated Two Bedroom, Fitness Facility/Pool, Available Now!",2730.0,910.0,2.0,POINT (-123.241756 49.26606),2020-02-20 15:24,3.0
7069042661,UBC 2 Bed 2 Bath Condo w/ Fireplace & Balcony @ Winslow Commons,2950.0,985.0,2.0,POINT (-123.241205 49.2638),2020-02-20 15:14,2.9949238578680197
7079277906,"One Bedroom Rental, Fitness Facility & Pool, Available Now!",1630.0,665.0,1.0,POINT (-123.241756 49.26606),2020-02-20 15:05,2.4511278195488724
7070806005,"Large, bright, top floor, 2-bedroom corner unit at UBC",2300.0,1000.0,2.0,POINT (-123.238237 49.26599),2020-02-20 14:32,2.3
7079181226,UBC ground floor 2 bedroom for rent,3100.0,1000.0,2.0,POINT (-123.234158 49.2556),2020-02-20 12:44,3.1
7069042661,UBC 2 Bed 2 Bath Condo w/ Fireplace & Balcony @ Winslow Commons,2950.0,985.0,2.0,POINT (-123.241205 49.2638),2020-02-20 15:14,2.99492385786802
7062653391,"(UBC) #204-5725 Agronomy Road, Vancouver",2850.0,944.0,2.0,POINT (-123.240083 49.2638),2020-02-21 16:48,3.0190677966101696
7079960064,GORGEOUS GARDEN SUITE IN HIGH END BUILDING,3200.0,1200.0,2.0,POINT (-123.251274 49.27116),2020-02-21 15:33,2.6666666666666665
7077984146,#1402-5615 HAMPTON PLACE,1549000.0,1731.0,2.0,POINT (-123.233975 49.25873),2020-02-21 15:13,894.8584633160021
7064890361,"Luxury UBC Home with Forest Views, Air Conditioning and more!",3300.0,887.0,2.0,POINT (-123.230478 49.25361),2020-02-21 13:11,3.7204058624577225
7065393962,UBC - Rare Home Available to The Laureates with Air Conditioning,2800.0,878.0,2.0,POINT (-123.231121 49.2542),2020-02-21 13:10,3.1890660592255125
7079801295,1bdrm + Den,2230.0,600.0,1.0,POINT (-123.248062 49.26601),2020-02-21 11:56,3.716666666666667
7065988910,Beautiful new 2  Bedroom for rent (UBC Wesbrook Village),3100.0,900.0,2.0,POINT (-123.233514 49.25277),2020-02-21 23:30,3.4444444444444446
7074358999,New Big 2 Bedroom for rent (UBC Wesbrook Village),3100.0,900.0,2.0,POINT (-123.235381 49.25202),2020-02-21 23:29,3.4444444444444446
7080386407,Luxury Senior Living at Tapestry Wesbrook Village,9000.0,1245.0,2.0,POINT (-123.2088 49.249),2020-02-22 10:37,7.2289156626506035
7080442310,2 Bedroom Garden Level Suite,2200.0,950.0,2.0,POINT (-123.2088 49.249),2020-02-22 11:51,2.3157894736842106
7080397430,Quiet house in great neighborhood,850.0,2500.0,,POINT (-123.2088 49.249),2020-02-22 10:51,0.34
7066408763,UBC one bed room condo brand-new,886000.0,625.0,1.0,POINT (-123.251302 49.25986),2020-02-22 18:40,1417.6
7080715808,"UBC Best Location Wesbrook Mall Penthouse – 2 Bed + Den, 2 Bath",3400.0,1000.0,2.0,POINT (-123.234862 49.25348),2020-02-22 22:15,3.4
7080715769,"UBC Best Location Wesbrook Mall – 2 Bed + Den, 2 Bath, 1,000 Sq. Ft.",3200.0,1000.0,2.0,POINT (-123.234371 49.25322),2020-02-22 22:14,3.2
7075667082,Furnished UBC 2bed/2bath condo for rent!,2900.0,998.0,2.0,POINT (-123.247451 49.258),2020-02-22 23:57,2.905811623246493
7075667082,Furnished UBC 2bed/2bath condo for rent!,2900.0,998.0,2.0,POINT (-123.247451 49.258),2020-02-22 23:57,2.9058116232464934
7076292728,✉Amazing Private Bedroom/Bath in Senior Golf Community✉,550.0,1480.0,,POINT (-123.2088 49.249),2020-02-23 08:01,0.3716216216216216
7068977685,UBC Townhouse Style 1 Bed + Den w/ Covered Porch @ Liberta,1990.0,715.0,1.0,POINT (-123.234087 49.26225),2020-02-23 12:12,2.783216783216784
7079340038,UBC - SITKA 2 bedroom FOR RENT,3500.0,1050.0,2.0,POINT (-123.250686 49.26002),2020-02-23 10:42,3.333333333333333
7069042661,UBC 2 Bed 2 Bath Condo w/ Fireplace & Balcony @ Winslow Commons,2950.0,985.0,2.0,POINT (-123.241205 49.2638),2020-02-23 15:29,2.9949238578680197
7081134538,Available NOW: 1 bedroom unit on Kings road (inside UBC),1750.0,515.0,1.0,POINT (-123.240385 49.26589),2020-02-23 16:09,3.3980582524271843
7069042661,UBC 2 Bed 2 Bath Condo w/ Fireplace & Balcony @ Winslow Commons,2950.0,985.0,2.0,POINT (-123.241205 49.2638),2020-02-23 15:29,2.99492385786802
7081223558,Furnished new bedroom in UBC Wesbrook Village,1250.0,1300.0,1.0,POINT (-123.230467 49.25407),2020-02-23 19:52,0.9615384615384616
7081222722,UBC 2bds+2bath+1parking,2900.0,810.0,2.0,POINT (-123.236067 49.25169),2020-02-23 19:49,3.580246913580248
7081275604,"Luxury UBC Home with Forest Views, Air Conditioning and more!",3300.0,887.0,2.0,POINT (-123.230478 49.25361),2020-02-24 01:03,3.7204058624577225
7081275238,UBC - Rare Home Available to The Laureates with Air Conditioning,2800.0,878.0,2.0,POINT (-123.231121 49.2542),2020-02-24 00:58,3.1890660592255125
7062653391,"(UBC) #204-5725 Agronomy Road, Vancouver",2850.0,944.0,2.0,POINT (-123.240083 49.2638),2020-02-24 00:16,3.0190677966101696
7081267967,Beautiful UBC Apartment (Wesbrook Village),3400.0,1020.0,3.0,POINT (-123.229544 49.25053),2020-02-23 23:39,3.333333333333333
7077489547,5 bedrooms house in Dunbar area,3500.0,2300.0,5.0,POINT (-123.2088 49.249),2020-02-23 23:03,1.5217391304347827
7081222722,UBC 2bds+2bath+1parking,2900.0,810.0,2.0,POINT (-123.236067 49.25169),2020-02-23 19:49,3.5802469135802477
7071920699,"Rooms for rent, utilities included, next to UBC, Dunbar",800.0,1000.0,,POINT (-123.2088 49.249),2020-02-24 01:59,0.8
7073882788,Lovely New Condo on UBC Campus,2450.0,834.0,2.0,POINT (-123.239805 49.26385),2020-02-24 06:59,2.937649880095924
7078661744,Dunbar Beauty,3995.0,1743.0,3.0,POINT (-123.2088 49.249),2020-02-24 09:51,2.2920252438324726
7079960064,GORGEOUS GARDEN SUITE IN HIGH END BUILDING,3200.0,1200.0,2.0,POINT (-123.251274 49.27116),2020-02-24 09:45,2.6666666666666665
7081426495,UBC Wesbrook Village Square Apartment - 2BED 2 BATH FOR RENT,2500.0,800.0,2.0,POINT (-123.236132 49.25343),2020-02-24 08:16,3.125
7073882788,Lovely New Condo on UBC Campus,2450.0,834.0,2.0,POINT (-123.239805 49.26385),2020-02-24 06:59,2.9376498800959236
7081675794,"Renovated Two Bedroom, Fitness Facility/Pool, Available Now!",2730.0,910.0,2.0,POINT (-123.241756 49.26606),2020-02-24 13:17,3.0
7081675599,"One Bedroom Rental, Fitness Facility & Pool, Available Now!",1630.0,665.0,1.0,POINT (-123.241756 49.26606),2020-02-24 13:16,2.4511278195488724
7081645248,UBC - 2-bed 2-bath 4th floor suite in University Village,2750.0,850.0,2.0,POINT (-123.230896 49.25973),2020-02-24 12:36,3.2352941176470584
7079126418,Great Location for UBC Student-University 2BR+Den Suite@Prodigy Now!!,3000.0,950.0,2.0,POINT (-123.235939 49.25193),2020-02-24 11:20,3.1578947368421053
7081585205,2 Bedroom Apartment with Parking Located at UBC!!!,2900.0,896.0,2.0,POINT (-123.2088 49.249),2020-02-24 11:19,3.2366071428571432
7081576453,UBC Two Bedroom for Rent $3000,3000.0,950.0,2.0,POINT (-123.235445 49.2531),2020-02-24 11:09,3.1578947368421053
7081538096,"One Bedroom Rental, Fitness Facility & Pool, Available Now!",1890.0,717.0,1.0,POINT (-123.242033 49.26472),2020-02-24 10:23,2.6359832635983262
7081537785,"Two Bedroom Rental, Fitness Facility & Pool, Available Now!",2550.0,970.0,2.0,POINT (-123.240805 49.26491),2020-02-24 10:23,2.628865979381444
7080386407,Luxury Senior Living at Tapestry Wesbrook Village,9000.0,1245.0,2.0,POINT (-123.2088 49.249),2020-02-24 15:41,7.2289156626506035
7074358999,New Big 2 Bedroom for rent (UBC Wesbrook Village),3100.0,900.0,2.0,POINT (-123.235381 49.25202),2020-02-24 15:13,3.4444444444444446
7065988910,Beautiful new 2  Bedroom for rent (UBC Wesbrook Village),3100.0,900.0,2.0,POINT (-123.233514 49.25277),2020-02-24 15:13,3.4444444444444446
7073454031,UBC | Unfurnished 2 bed 2 bath townhouse at Greenwood Commons,3100.0,960.0,2.0,POINT (-123.240595 49.26092),2020-02-24 14:31,3.2291666666666665
7070806005,"Large, bright, top floor, 2-bedroom corner unit at UBC",2300.0,1000.0,2.0,POINT (-123.238237 49.26599),2020-02-24 14:18,2.3
7066408763,UBC one bed room condo brand-new,886000.0,625.0,1.0,POINT (-123.251302 49.25986),2020-02-24 20:49,1417.6
7082235130,Amazing 2Bed+1Den+2Bath Apartment UBC with parking,2900.0,858.0,2.0,POINT (-123.2088 49.249),2020-02-25 11:07,3.3799533799533794
7077984146,#1402-5615 HAMPTON PLACE,1549000.0,1731.0,2.0,POINT (-123.233975 49.25873),2020-02-25 09:34,894.8584633160021
7068977685,UBC Townhouse Style 1 Bed + Den w/ Covered Porch @ Liberta,1990.0,715.0,1.0,POINT (-123.234087 49.26225),2020-02-25 13:49,2.783216783216784
7082342967,Fully Furnished Top Floor Condo at UBC Wesbrook Village,1795.0,695.0,1.0,POINT (-123.247611 49.26975),2020-02-25 13:25,2.58273381294964
7073641238,Stunning 2 bedroom (+ Den),3100.0,830.0,2.0,POINT (-123.248302 49.25848),2020-02-25 12:32,3.734939759036144
7082526444,5 bedroom Single house for rent in UBC,7000.0,5000.0,5.0,POINT (-123.235852 49.26342),2020-02-25 19:01,1.4
7082499583,$2900 / 2br - 998ft2 - Furnished UBC 2bed/2bath condo for rent! (UBC V,2900.0,998.0,2.0,POINT (-123.247558 49.25759),2020-02-25 17:52,2.905811623246493
7075667082,Furnished UBC 2bed/2bath condo for rent!,2900.0,998.0,2.0,POINT (-123.247451 49.258),2020-02-25 17:38,2.905811623246493
7081134538,Available NOW: 1 bedroom unit on Kings road (inside UBC),1750.0,515.0,1.0,POINT (-123.240385 49.26589),2020-02-25 16:15,3.3980582524271843
7065941717,1 YR New 2 bedrooms 1 Den Condo in UBC Wesbrook Village (AR115),3200.0,918.0,2.0,POINT (-123.234151 49.25103),2020-02-25 16:07,3.4858387799564268
7073641238,Stunning 2 bedroom (+ Den),3100.0,830.0,2.0,POINT (-123.248302 49.25848),2020-02-25 12:32,3.7349397590361435
7069757826,UBC 2Br share 1 room at Wesbrook village! (2051620),1400.0,700.0,,POINT (-123.234973 49.25228),2020-02-26 00:03,2.0
7080715808,"UBC Best Location Wesbrook Mall Penthouse – 2 Bed + Den, 2 Bath",3400.0,1000.0,2.0,POINT (-123.234862 49.25348),2020-02-25 20:47,3.4
7080715769,"UBC Best Location Wesbrook Mall – 2 Bed + Den, 2 Bath, 1,000 Sq. Ft.",3200.0,1000.0,2.0,POINT (-123.234371 49.25322),2020-02-25 20:47,3.2
7079340038,UBC - SITKA 2 bedroom FOR RENT,3500.0,1050.0,2.0,POINT (-123.250686 49.26002),2020-02-25 19:46,3.333333333333333
7082499583,$2900 / 2br - 998ft2 - Furnished UBC 2bed/2bath condo for rent! (UBC V,2900.0,998.0,2.0,POINT (-123.247558 49.25759),2020-02-25 17:52,2.9058116232464934
7075667082,Furnished UBC 2bed/2bath condo for rent!,2900.0,998.0,2.0,POINT (-123.247451 49.258),2020-02-25 17:38,2.9058116232464934
7074425323,TWO FLOOR PENTHOUSE CONDO IN UBC!!!,6500.0,2133.0,4.0,POINT (-123.25318 49.27072),2020-02-26 02:31,3.0473511486169715
7083132629,4380 SQFT Panorama View Sub-Penthouse at UBC Campus,9800.0,4380.0,4.0,POINT (-123.234415 49.25513),2020-02-26 17:47,2.237442922374429
7070806005,"Large, bright, top floor, 2-bedroom corner unit at UBC",2300.0,1000.0,2.0,POINT (-123.238237 49.26599),2020-02-26 16:33,2.3
7079126418,Great Location for UBC Student-University 2BR+Den Suite@Prodigy Now!!,3000.0,950.0,2.0,POINT (-123.235939 49.25193),2020-02-26 14:09,3.1578947368421053
7083001522,2 Bedroom Apartment with 2 Parking Stalls Located at UBC!!!,3000.0,896.0,2.0,POINT (-123.2088 49.249),2020-02-26 13:49,3.3482142857142856
7082996383,Spacious Newly Renovated Pet Friendly 2BR Suites in UBC,2625.0,944.0,2.0,POINT (-123.240037 49.26632),2020-02-26 13:44,2.7807203389830506
7081675599,"One Bedroom Rental, Fitness Facility & Pool, Available Now!",1630.0,665.0,1.0,POINT (-123.241756 49.26606),2020-02-26 13:35,2.4511278195488724
7081675794,"Renovated Two Bedroom, Fitness Facility/Pool, Available Now!",2730.0,910.0,2.0,POINT (-123.241756 49.26606),2020-02-26 13:35,3.0
7081275604,"Luxury UBC Home with Forest Views, Air Conditioning and more!",3300.0,887.0,2.0,POINT (-123.230478 49.25361),2020-02-26 13:23,3.7204058624577225
7082974124,furnished apartment in UBC with underground parking and locker,2550.0,710.0,1.0,POINT (-123.249355 49.27207),2020-02-26 13:10,3.591549295774648
7065988910,Beautiful new 2  Bedroom for rent (UBC Wesbrook Village),3100.0,900.0,2.0,POINT (-123.233514 49.25277),2020-02-26 21:45,3.4444444444444446
7074358999,New Big 2 Bedroom for rent (UBC Wesbrook Village),3100.0,900.0,2.0,POINT (-123.235381 49.25202),2020-02-26 21:45,3.4444444444444446
7083717237,Service with a Lifestyle.,1500.0,500.0,1.0,POINT (-123.249478 49.26449),2020-02-27 16:36,3.0
7073454031,UBC | Unfurnished 2 bed 2 bath townhouse at Greenwood Commons,3100.0,960.0,2.0,POINT (-123.240595 49.26092),2020-02-27 15:28,3.2291666666666665
7068977685,UBC Townhouse Style 1 Bed + Den w/ Covered Porch @ Liberta,1990.0,715.0,1.0,POINT (-123.234087 49.26225),2020-02-27 14:44,2.783216783216784
7083640184,1 Bedroom Garden Suite - UBC North Campus,1900.0,354.0,1.0,POINT (-123.252053 49.27012),2020-02-27 14:10,5.367231638418079
7082342967,Fully Furnished Top Floor Condo at UBC Wesbrook Village,1795.0,695.0,1.0,POINT (-123.247611 49.26975),2020-02-27 14:03,2.58273381294964
7083632876,Amazing 2Bed+1Den+2Bath Apartment UBC with parking,2900.0,858.0,2.0,POINT (-123.2088 49.249),2020-02-27 13:59,3.3799533799533794
7083625979,Bright 2 Bedroom Suite - UBC North Campus,2700.0,808.0,2.0,POINT (-123.252053 49.27012),2020-02-27 13:48,3.3415841584158414
7083625792,Bright 2 Bedroom Suite - UBC North Campus,2800.0,808.0,2.0,POINT (-123.252053 49.27012),2020-02-27 13:48,3.4653465346534653
7083621969,Dunbar New Two Bedrooms  Basement Suite to Share,1500.0,1300.0,,POINT (-123.2088 49.249),2020-02-27 13:42,1.1538461538461535
7065085433,Dunbar Garden Level Bright Basement Two- Bedroom Suite,1500.0,1300.0,2.0,POINT (-123.2088 49.249),2020-02-27 13:27,1.1538461538461535
7083806025,single house  in UBC 4 bedroom 1 Den 1 mediaroom,4700.0,4100.0,4.0,POINT (-123.235852 49.26342),2020-02-27 20:19,1.146341463414634
7065941717,1 YR New 2 bedrooms 1 Den Condo in UBC Wesbrook Village (AR115),3200.0,918.0,2.0,POINT (-123.234151 49.25103),2020-02-27 19:44,3.4858387799564268
7083836794,Like New Polygon 3-Beds Apartment in UBC,3999.0,1034.0,3.0,POINT (-123.231239 49.2503),2020-02-27 22:56,3.867504835589942
7076292728,✉Amazing Private Bedroom/Bath in Senior Golf Community✉,550.0,1480.0,,POINT (-123.2088 49.249),2020-02-28 11:24,0.3716216216216216
7084081476,"UBC female only, private and basement  room for rent",800.0,2500.0,,POINT (-123.220721 49.26656),2020-02-28 10:01,0.32
7073882788,Lovely New Condo on UBC Campus,2450.0,834.0,2.0,POINT (-123.239805 49.26385),2020-02-28 07:28,2.9376498800959236
7084300632,(VISTAREALTY.NET) BRAND NEW CONCRETE 2-BR 2 BATH CONDO ON UBC CAMPUS,3500.0,900.0,2.0,POINT (-123.235054 49.25072),2020-02-28 15:04,3.888888888888889
7084280745,Great Location for UBC Student-University 2BR+Den Suite@Prodigy Now!!,3000.0,950.0,2.0,POINT (-123.235939 49.25193),2020-02-28 14:57,3.1578947368421053
7069042661,UBC 2 Bed 2 Bath Condo w/ Fireplace & Balcony @ Winslow Commons,2850.0,985.0,2.0,POINT (-123.241205 49.2638),2020-02-28 14:49,2.8934010152284264
7084269029,2 Bedroom Apartment with 2 Parking Stalls Located at UBC!!!,3000.0,896.0,2.0,POINT (-123.2088 49.249),2020-02-28 14:07,3.3482142857142856
7081576453,UBC Two Bedroom for Rent $3000,3000.0,950.0,2.0,POINT (-123.235445 49.2531),2020-02-28 13:58,3.1578947368421053
7084175615,"UBC 2 bedrooms condo  furnished, Wesbrook Mall",2400.0,723.0,2.0,POINT (-123.244128 49.26426),2020-02-28 11:58,3.319502074688797
7084452661,UPDATED! GREAT AMENITIES! GREAT LOCATION! AMAZING APARTMENT UNITS!,1500.0,861.0,1.0,POINT (-123.25407 49.271),2020-02-28 20:54,1.7421602787456445
7080442310,2 Bedroom Garden Level Suite,2200.0,950.0,2.0,POINT (-123.2088 49.249),2020-02-28 20:30,2.3157894736842106
7083132629,4380 SQFT Panorama View Sub-Penthouse at UBC Campus,9800.0,4380.0,4.0,POINT (-123.234415 49.25513),2020-02-28 20:25,2.237442922374429
7079960064,GORGEOUS GARDEN SUITE IN HIGH END BUILDING,3200.0,1200.0,2.0,POINT (-123.251274 49.27116),2020-02-28 20:01,2.6666666666666665
7084425187,Roomy house in Beautiful Dunbar Area,3500.0,2925.0,5.0,POINT (-123.2088 49.249),2020-02-28 19:19,1.1965811965811963
7081275604,"Luxury UBC Home with Forest Views, Air Conditioning and more!",3300.0,887.0,2.0,POINT (-123.230478 49.25361),2020-02-28 17:34,3.7204058624577225
7084374181,FOR SALE! Freestanding office/retail building!,0.0,2500.0,,POINT (-123.2088 49.249),2020-02-28 17:08,0.0
7079340038,UBC - SITKA 2 bedroom FOR RENT,3500.0,1050.0,2.0,POINT (-123.250686 49.26002),2020-02-28 16:49,3.333333333333333
7084320380,Great Location,1400.0,675.0,1.0,POINT (-123.2088 49.249),2020-02-28 15:27,2.074074074074074
7084472576,"UBC Best Location Wesbrook Mall Penthouse – 2 Bed + Den, 2 Bath",3400.0,1000.0,2.0,POINT (-123.234862 49.25348),2020-02-28 22:36,3.4
7077489547,5 bedrooms house in Dunbar area,3500.0,2300.0,5.0,POINT (-123.2088 49.249),2020-02-28 22:36,1.5217391304347827
7084472503,"UBC Best Location Wesbrook Mall – 2 Bed + Den, 2 Bath, 1,000 Sq. Ft.",3200.0,1000.0,2.0,POINT (-123.234371 49.25322),2020-02-28 22:36,3.2
7066408763,UBC one bed room condo brand-new,886000.0,625.0,1.0,POINT (-123.251302 49.25986),2020-02-29 08:41,1417.6
7084641033,UBC Furnished Quiet 2 Bedroom Apartment,2800.0,1112.0,2.0,POINT (-123.235853 49.25699),2020-02-29 08:33,2.517985611510792
7084871546,UBC Apartment (Wesbrook Village),3400.0,1020.0,3.0,POINT (-123.230488 49.25345),2020-02-29 13:35,3.333333333333333
7085119269,"***** LARGE TOWNHOME, CLEAN AND UPDATED *****",1000.0,861.0,1.0,POINT (-123.25407 49.271),2020-03-01 05:46,1.1614401858304295
7069757826,UBC 2Br share 1 room at Wesbrook village! (2051620),1400.0,700.0,,POINT (-123.234973 49.25228),2020-03-01 01:05,2.0
7085082819,Furnished new bedroom in UBC Wesbrook Village,1175.0,1300.0,1.0,POINT (-123.230467 49.25407),2020-03-01 00:50,0.903846153846154
7085079444,UBC luxury 2 BR condo,3000.0,848.0,2.0,POINT (-123.230837 49.25408),2020-03-01 00:07,3.537735849056604
7085065155,"Summer Sublet UBC Apartment, 2-Bedroom 2-Bathroom plus Open Den",2650.0,880.0,2.0,POINT (-123.236024 49.25155),2020-02-29 22:05,3.011363636363636
7085063703,"Summer Sublet UBC Apartment, 2-Bedroom 2-Bathroom plus Open Den",2650.0,880.0,2.0,POINT (-123.237827 49.25232),2020-02-29 21:55,3.011363636363636
7085082819,Furnished new bedroom in UBC Wesbrook Village,1175.0,1300.0,1.0,POINT (-123.230467 49.25407),2020-03-01 00:50,0.9038461538461541
7085079444,UBC luxury 2 BR condo,3000.0,848.0,2.0,POINT (-123.230837 49.25408),2020-03-01 00:07,3.5377358490566038
7085065155,"Summer Sublet UBC Apartment, 2-Bedroom 2-Bathroom plus Open Den",2650.0,880.0,2.0,POINT (-123.236024 49.25155),2020-02-29 22:05,3.0113636363636362
7085063703,"Summer Sublet UBC Apartment, 2-Bedroom 2-Bathroom plus Open Den",2650.0,880.0,2.0,POINT (-123.237827 49.25232),2020-02-29 21:55,3.0113636363636362
7085476641,UBC Apartment 3bedroom 2bathroom Prodigy #609-3462 Ross Dr,3800.0,985.0,3.0,POINT (-123.236926 49.2515),2020-03-01 16:06,3.857868020304569
7085597345,2 Bedroom Apartment with 2 Parking Stalls Located at UBC!!!,3000.0,896.0,2.0,POINT (-123.2088 49.249),2020-03-01 22:09,3.3482142857142856
7085593350,Amazing 2Bed+1Den+2Bath Apartment UBC with parking,2900.0,858.0,2.0,POINT (-123.2088 49.249),2020-03-01 21:46,3.3799533799533794
7079340038,UBC - SITKA 2 bedroom FOR RENT,3500.0,1050.0,2.0,POINT (-123.250686 49.26002),2020-03-01 21:03,3.333333333333333
7085581168,"(UBC) #204-5725 Agronomy Road, Vancouver",2850.0,944.0,2.0,POINT (-123.240083 49.2638),2020-03-01 20:48,3.0190677966101696
7084300632,(VISTAREALTY.NET) BRAND NEW CONCRETE 2-BR 2 BATH CONDO ON UBC CAMPUS,3500.0,900.0,2.0,POINT (-123.235054 49.25072),2020-03-01 20:32,3.888888888888889
7085560441,UBC Campus Large Top Floor Studio to share,650.0,550.0,,POINT (-123.248812 49.25911),2020-03-01 19:32,1.181818181818182
7074358999,New Big 2 Bedroom for rent (UBC Wesbrook Village),3100.0,900.0,2.0,POINT (-123.235381 49.25202),2020-03-01 18:25,3.4444444444444446
7078446257,UBC - 2 beds 2 baths,3000.0,860.0,2.0,POINT (-123.232614 49.2544),2020-03-01 17:47,3.4883720930232562
7085522257,UBC 2 bedrooms 2 baths,3000.0,860.0,2.0,POINT (-123.232614 49.2544),2020-03-01 17:47,3.4883720930232562
7082342967,Fully Furnished Top Floor Condo at UBC Wesbrook Village,1795.0,695.0,1.0,POINT (-123.247611 49.26975),2020-03-02 09:00,2.58273381294964
7073882788,Lovely New Condo on UBC Campus,2450.0,834.0,2.0,POINT (-123.239805 49.26385),2020-03-02 07:07,2.937649880095924
7085631295,✉Amazing Private Bedroom/Bath in Senior Golf Community✉,550.0,1480.0,,POINT (-123.2088 49.249),2020-03-02 04:05,0.3716216216216216
7071920699,"Rooms for rent, utilities included, next to UBC, Dunbar",800.0,1000.0,,POINT (-123.2088 49.249),2020-03-02 01:49,0.8
7082526444,5 bedroom Single house for rent in UBC,7000.0,5000.0,5.0,POINT (-123.235852 49.26342),2020-03-02 18:25,1.4
7086125850,2 BEDROOM  AVAILABLE  APRIL 1,2450.0,690.0,2.0,POINT (-123.242502 49.2658),2020-03-02 16:15,3.5507246376811588
7069042661,UBC 2 Bed 2 Bath Condo w/ Fireplace & Balcony @ Winslow Commons,2850.0,985.0,2.0,POINT (-123.241205 49.2638),2020-03-02 14:35,2.8934010152284264
7074278734,FOR SALE! Mixed-use development site!,0.0,6600.0,,POINT (-123.2088 49.249),2020-03-02 14:35,0.0
7084374181,FOR SALE! Freestanding office/retail building!,0.0,2500.0,,POINT (-123.2088 49.249),2020-03-02 14:31,0.0
7088175464,"UBC Best Location Wesbrook Mall Penthouse – 2 Bed + Den, 2 Bath",3300.0,1000.0,2.0,POINT (-123.234862 49.25348),2020-03-05 22:14,3.3
7086758785,(VISTAREALTY.NET) BRAND NEW SLEEK 1BR CONDO BY POLYGON COMING UP SOON,2850.0,680.0,1.0,POINT (-123.235316 49.25097),2020-03-05 17:42,4.191176470588236
7088076941,Great Location for UBC Student-University 2BR+Den Suite@Prodigy Now!!,3000.0,950.0,2.0,POINT (-123.235939 49.25193),2020-03-05 17:11,3.1578947368421053
7084320380,Great Location,1400.0,675.0,1.0,POINT (-123.2088 49.249),2020-03-05 16:28,2.074074074074074
7081576453,UBC Two Bedroom for Rent $3000,3000.0,950.0,2.0,POINT (-123.235445 49.2531),2020-03-05 15:43,3.1578947368421053
7085581168,"(UBC) #204-5725 Agronomy Road, Vancouver",2850.0,944.0,2.0,POINT (-123.240083 49.2638),2020-03-06 00:25,3.0190677966101696
7088789599,"Beautiful 2 Bedroom+2 Bath+2 Balconies Condo@West Mall, UBC Campus",3100.0,990.0,2.0,POINT (-123.248134 49.2557),2020-03-06 19:17,3.1313131313131315
7079340038,UBC - SITKA 2 bedroom FOR RENT,3500.0,1050.0,2.0,POINT (-123.250686 49.26002),2020-03-06 19:00,3.333333333333333
7085476641,UBC Apartment 3bedroom 2bathroom Prodigy #609-3462 Ross Dr,3800.0,985.0,3.0,POINT (-123.236926 49.2515),2020-03-06 17:46,3.857868020304569
7088751904,UBC Bright 2 Bedroom Condo For Rent,2600.0,1056.0,2.0,POINT (-123.232987 49.25819),2020-03-06 17:36,2.462121212121212
7088728454,UBC 2 Bed 2 Bath Condo w/ Fireplace & Balcony @ Winslow Commons,2850.0,985.0,2.0,POINT (-123.241205 49.2638),2020-03-06 16:48,2.8934010152284264
7088673788,UBC Townhouse Style 1 Bed + Den w/ Covered Porch @ Liberta,1990.0,715.0,1.0,POINT (-123.234087 49.26225),2020-03-06 15:15,2.783216783216784
7083132629,4380 SQFT Panorama View Sub-Penthouse at UBC Campus,9800.0,4380.0,4.0,POINT (-123.234415 49.25513),2020-03-06 14:53,2.237442922374429
7088653175,Spacious 3 Bedrooms in UBC Campus,4200.0,1182.0,3.0,POINT (-123.2088 49.249),2020-03-06 14:44,3.5532994923857872
7088646162,UBC - 2-bed 2-bath 4th floor suite in University Village,2750.0,850.0,2.0,POINT (-123.230896 49.25973),2020-03-06 14:34,3.2352941176470584
7078804283,UBC - New 2B2b+DEN,3450.0,931.0,2.0,POINT (-123.231196 49.25321),2020-03-06 22:23,3.705692803437164
7075667082,Furnished spacious UBC 2bed/2bath condo for rent!,2850.0,998.0,2.0,POINT (-123.247451 49.258),2020-03-07 06:13,2.8557114228456912
7089023265,TWO BEDROOM AVAILABLE APRIL 1 AT UBC VILLAGE,2450.0,690.0,2.0,POINT (-123.242502 49.2658),2020-03-07 08:41,3.5507246376811588
7089170099,UBC Kings road 2 bedroom for rent,1050.0,500.0,2.0,POINT (-123.240809 49.265),2020-03-07 11:42,2.1
7089154466,UBC Wesbrook new Eton 2 bedroom for rent,3300.0,950.0,2.0,POINT (-123.232355 49.25458),2020-03-07 11:22,3.4736842105263164
7073132807,UBC brand new furnished 3bedroom high rise,4650.0,1300.0,3.0,POINT (-123.23042 49.254),2020-03-07 11:08,3.5769230769230766
7077462380,UBC WESBROOK furnished 2bedroom plus den for rent,3300.0,1100.0,2.0,POINT (-123.234501 49.25159),2020-03-07 11:07,3.0
7081275604,"Luxury UBC Home with Forest Views, Air Conditioning and more!",3300.0,887.0,2.0,POINT (-123.230478 49.25361),2020-03-07 09:44,3.7204058624577225
7085631295,✉Amazing Private Bedroom/Bath in Senior Golf Community✉,550.0,1480.0,,POINT (-123.2088 49.249),2020-03-07 12:42,0.3716216216216216
7085560441,UBC Campus Large Top Floor Studio to share,650.0,550.0,,POINT (-123.248812 49.25911),2020-03-07 16:59,1.181818181818182
7086758785,(VISTAREALTY.NET) BRAND NEW SLEEK 1BR CONDO BY POLYGON COMING UP SOON,2850.0,680.0,1.0,POINT (-123.235316 49.25097),2020-03-07 20:00,4.191176470588236
7086262115,West Vancouver/UBC 2bedrooms condo furnished only Available May-August,2400.0,723.0,2.0,POINT (-123.244128 49.26426),2020-03-07 21:46,3.319502074688797
7074358999,New Big 2 Bedroom for rent (UBC Wesbrook Village),3100.0,900.0,2.0,POINT (-123.235381 49.25202),2020-03-07 21:15,3.4444444444444446
7071920699,"Rooms for rent, utilities included, next to UBC, Dunbar",800.0,1000.0,,POINT (-123.2088 49.249),2020-03-08 01:15,0.8
7089541372,"Open House-""The Academy"" by Polygon. #110-5728 Berton Ave",888888.0,940.0,2.0,POINT (-123.233192 49.25577),2020-03-08 07:56,945.6255319148936
7084320380,Great Location,1400.0,675.0,1.0,POINT (-123.2088 49.249),2020-03-08 11:16,2.074074074074074
7085581168,"(UBC) #204-5725 Agronomy Road, Vancouver",2850.0,944.0,2.0,POINT (-123.240083 49.2638),2020-03-08 10:54,3.0190677966101696
7089722267,TWO BEDROOM AVAILABLE APRIL 1 AT UBC VILLAGE,2450.0,690.0,2.0,POINT (-123.242502 49.2658),2020-03-08 12:52,3.5507246376811588
7081134538,Available NOW: 1 bedroom unit on Kings road (inside UBC),1750.0,515.0,1.0,POINT (-123.240385 49.26589),2020-03-08 12:22,3.3980582524271843
7084300632,(VISTAREALTY.NET) BRAND NEW CONCRETE 2-BR 2 BATH CONDO ON UBC CAMPUS,3500.0,900.0,2.0,POINT (-123.235054 49.25072),2020-03-08 15:52,3.888888888888889
7081426495,UBC Wesbrook Village Square Apartment - 2BED 2 BATH FOR RENT,2400.0,800.0,2.0,POINT (-123.236132 49.25343),2020-03-08 15:49,3.0
7084641033,UBC Furnished Quiet 2 Bedroom Apartment,2800.0,1112.0,2.0,POINT (-123.235853 49.25699),2020-03-08 19:33,2.517985611510792
7089896607,3 bedroom UBC Penthouse Condo with Ocean View,4300.0,1375.0,3.0,POINT (-123.246002 49.2579),2020-03-08 18:18,3.1272727272727274
7090214510,"One Bedroom Rental, Fitness Facility & Pool, Available Now!",1630.0,665.0,1.0,POINT (-123.241756 49.26606),2020-03-09 10:11,2.4511278195488724
7090214207,"Renovated Two Bedroom, Fitness Facility/Pool, Available Now!",2730.0,910.0,2.0,POINT (-123.241756 49.26606),2020-03-09 10:10,3.0
7090161686,Fully Furnished Top Floor Condo at UBC Wesbrook Village,1795.0,695.0,1.0,POINT (-123.247611 49.26975),2020-03-09 09:08,2.58273381294964
7088751904,UBC Bright 2 Bedroom Condo For Rent,2600.0,1056.0,2.0,POINT (-123.232987 49.25819),2020-03-09 13:14,2.462121212121212
7081275604,"Luxury UBC Home with Forest Views, Air Conditioning and more!",3300.0,887.0,2.0,POINT (-123.230478 49.25361),2020-03-09 12:03,3.7204058624577225
7088673788,UBC Townhouse Style 1 Bed + Den w/ Covered Porch @ Liberta,1990.0,715.0,1.0,POINT (-123.234087 49.26225),2020-03-09 15:26,2.783216783216784
7090441534,"One Bedroom Rental, Fitness Facility & Pool, Available Apr 1st!",1640.0,665.0,1.0,POINT (-123.242033 49.26472),2020-03-09 15:11,2.4661654135338344
7090441040,"Two Bedroom Rental, Fitness Facility & Pool, Available Now!",2290.0,970.0,2.0,POINT (-123.240805 49.26491),2020-03-09 15:10,2.3608247422680413
7090436848,High-rise 1Br plus Den Condo in UBC Wesbrook Village (AR129),2380.0,560.0,1.0,POINT (-123.233514 49.25529),2020-03-09 15:04,4.25
7083132629,4380 SQFT Panorama View Sub-Penthouse at UBC Campus,9800.0,4380.0,4.0,POINT (-123.234415 49.25513),2020-03-09 15:02,2.237442922374429
7088076941,Great Location for UBC Student-University 2BR+Den Suite@Prodigy Now!!,3000.0,950.0,2.0,POINT (-123.235939 49.25193),2020-03-09 14:26,3.1578947368421053
7085631295,✉Amazing Private Bedroom/Bath in Senior Golf Community✉,550.0,1480.0,,POINT (-123.2088 49.249),2020-03-09 14:25,0.3716216216216216
7090409326,TWO BEDROOM AVAILABLE APRIL 1 AT UBC VILLAGE,2450.0,690.0,2.0,POINT (-123.242502 49.2658),2020-03-09 14:24,3.5507246376811588
7085476641,UBC Apartment 3bedroom 2bathroom Prodigy #609-3462 Ross Dr,3800.0,985.0,3.0,POINT (-123.236926 49.2515),2020-03-09 13:53,3.857868020304569
7088728454,UBC 2 Bed 2 Bath Condo w/ Fireplace & Balcony @ Winslow Commons,2850.0,985.0,2.0,POINT (-123.241205 49.2638),2020-03-09 17:26,2.8934010152284264
7073454031,UBC | Unfurnished 2 bed 2 bath townhouse at Greenwood Commons,3100.0,960.0,2.0,POINT (-123.240595 49.26092),2020-03-09 16:51,3.2291666666666665
7090493518,SPACIOUS TWO BEDROOM & DEN WITH BALCONY IN THE HEART OF UBC,3200.0,992.0,2.0,POINT (-123.240938 49.26135),2020-03-09 16:38,3.2258064516129035
7088789599,"Beautiful 2 Bedroom+2 Bath+2 Balconies Condo@West Mall, UBC Campus",3100.0,990.0,2.0,POINT (-123.248134 49.2557),2020-03-09 16:32,3.1313131313131315
7090607564,UBC one bed room condo brand-new,886000.0,625.0,1.0,POINT (-123.251302 49.25986),2020-03-09 21:15,1417.6
7077984146,#1402-5615 HAMPTON PLACE,1549000.0,1731.0,2.0,POINT (-123.233975 49.25873),2020-03-09 20:57,894.8584633160021
7090601409,UBC WESBROOK new 2 bed 2 bath furnished apartment,3400.0,910.0,2.0,POINT (-123.231754 49.25),2020-03-09 20:56,3.736263736263736
7085560441,UBC Campus Large Top Floor Studio to share,650.0,600.0,,POINT (-123.248812 49.25911),2020-03-09 20:36,1.0833333333333333
7090581742,UBC Wesbrook Condo FURNISHED 1 Bedroom 1 Den - 3479 Wesbrook Mall,2450.0,700.0,1.0,POINT (-123.2088 49.249),2020-03-09 19:47,3.5
7090436848,High-rise Concrete 1Br plus Den Condo in UBC Wesbrook Village (AR129),2380.0,560.0,1.0,POINT (-123.233514 49.25529),2020-03-09 15:04,4.25
7072240548,"Dunbar area, furnished, utilities, tv,internet included",2700.0,1050.0,2.0,POINT (-123.2088 49.249),2020-03-10 00:17,2.5714285714285716
7090628765,Below Market Price! Awesome value! GREAT Location!,1500.0,861.0,1.0,POINT (-123.249478 49.26449),2020-03-09 23:18,1.7421602787456445
7090630039,"3BR 2.5Bth Condo Rent in UBC campus, Wesbrook Village (July 1st)",4500.0,1231.0,3.0,POINT (-123.230864 49.2542),2020-03-09 23:17,3.655564581640942
7090601409,UBC WESBROOK new 2 bed 2 bath furnished apartment,3400.0,910.0,2.0,POINT (-123.231754 49.25),2020-03-09 20:56,3.7362637362637363
7072240548,"Dunbar area, furnished, utilities, tv,internet included",2700.0,1050.0,2.0,POINT (-123.2088 49.249),2020-03-10 00:17,2.571428571428572
7091008851,Bright and Spacious 4 Bedroom Corner Suite - UBC North Campus,5200.0,1338.0,4.0,POINT (-123.251667 49.26968),2020-03-10 13:18,3.8863976083707024
7090985717,3-bed 2-bath apt for rent on UBC campus,4200.0,1182.0,3.0,POINT (-123.233836 49.2539),2020-03-10 12:46,3.5532994923857872
7090950987,Bright 2 Bedroom Suite - UBC North Campus,2800.0,808.0,2.0,POINT (-123.252053 49.27012),2020-03-10 11:59,3.4653465346534653
7090945495,Bright 2 Bedroom Suite - UBC North Campus,2700.0,808.0,2.0,POINT (-123.252053 49.27012),2020-03-10 11:52,3.341584158415841
7090941023,1 Bedroom Garden Suite - UBC North Campus,1900.0,354.0,1.0,POINT (-123.252053 49.27012),2020-03-10 11:46,5.367231638418079
7090884490,TWO BEDROOM AVAILABLE APRIL 1 AT UBC VILLAGE,2450.0,690.0,2.0,POINT (-123.242502 49.2658),2020-03-10 10:40,3.5507246376811588
7073676343,A nice basement,1500.0,700.0,2.0,POINT (-123.2088 49.249),2020-03-10 10:34,2.142857142857143
7091821634,Live the Uptown Urban lifestyle you crave!,1500.0,861.0,1.0,POINT (-123.25407 49.271),2020-03-11 19:14,1.7421602787456445
7088673788,UBC Townhouse Style 1 Bed + Den w/ Covered Porch @ Liberta,1990.0,715.0,1.0,POINT (-123.234087 49.26225),2020-03-11 17:19,2.783216783216784
7081275604,"Luxury UBC Home with Forest Views, Air Conditioning and more!",3300.0,887.0,2.0,POINT (-123.230478 49.25361),2020-03-11 17:17,3.7204058624577225
7091736213,"One Bedroom Rental, Fitness Facility & Pool, Available Apr 1st!",1640.0,665.0,1.0,POINT (-123.242033 49.26472),2020-03-11 15:49,2.4661654135338344
7091736040,"Two Bedroom Rental, Fitness Facility & Pool, Available Now!",2290.0,970.0,2.0,POINT (-123.240805 49.26491),2020-03-11 15:49,2.3608247422680413
7090436848,High-rise Concrete 1Br plus Den Condo in UBC Wesbrook Village (AR129),2380.0,560.0,1.0,POINT (-123.233514 49.25529),2020-03-11 15:29,4.25
7080442310,2 Bedroom Garden Level Suite,2200.0,950.0,2.0,POINT (-123.2088 49.249),2020-03-11 14:21,2.3157894736842106
7090161686,Fully Furnished Top Floor Condo at UBC Wesbrook Village,1750.0,695.0,1.0,POINT (-123.247611 49.26975),2020-03-11 13:59,2.517985611510792
7090607564,UBC one bed room condo brand-new,986000.0,625.0,1.0,POINT (-123.251302 49.25986),2020-03-11 21:41,1577.6
7091892400,UBC beautiful 2 bedrooms furnished condo for May-Augus,2400.0,723.0,2.0,POINT (-123.244128 49.26426),2020-03-12 00:20,3.319502074688797
7086262115,West Vancouver 2bedrooms condo furnished only Available May-August,2400.0,723.0,2.0,POINT (-123.244128 49.26426),2020-03-12 00:08,3.319502074688797
7091887210,"UBC Best Location Wesbrook Mall Penthouse – 2 Bed + Den, 2 Bath",3200.0,1000.0,2.0,POINT (-123.234862 49.25348),2020-03-11 23:31,3.2
7085560441,UBC Campus Large Top Floor Studio to share,700.0,600.0,,POINT (-123.248812 49.25911),2020-03-12 13:04,1.1666666666666667
7092200163,Great Location for UBC Student-University 2BR+Den Suite@Prodigy Now!!,3000.0,950.0,2.0,POINT (-123.235939 49.25193),2020-03-12 12:47,3.1578947368421053
7088728454,UBC 2 Bed 2 Bath Condo w/ Fireplace & Balcony @ Winslow Commons,2850.0,985.0,2.0,POINT (-123.241205 49.2638),2020-03-12 12:35,2.8934010152284264
7073676343,A nice basement,1500.0,700.0,2.0,POINT (-123.2088 49.249),2020-03-12 11:58,2.142857142857143
7086758785,(VISTAREALTY.NET) BRAND NEW SLEEK 1BR CONDO BY POLYGON COMING UP SOON,2850.0,680.0,1.0,POINT (-123.235316 49.25097),2020-03-12 09:44,4.191176470588236
7088751904,UBC Bright 2 Bedroom Condo For Rent,2600.0,1056.0,2.0,POINT (-123.232987 49.25819),2020-03-12 09:39,2.462121212121212
7085581168,"(UBC) #204-5725 Agronomy Road, Vancouver",2850.0,944.0,2.0,POINT (-123.240083 49.2638),2020-03-12 17:20,3.0190677966101696
7092263474,Furnished 2 Bedrooms and 1 Bath on UBC Campus,3250.0,950.0,2.0,POINT (-123.24118 49.26538),2020-03-12 14:05,3.4210526315789487
7084871546,UBC Apartment (Wesbrook Village),3400.0,1020.0,3.0,POINT (-123.230488 49.25345),2020-03-14 10:53,3.333333333333333
7079340038,UBC Center - Furnished SITKA 2 bed + 2 Bath Sub-Penthosue FOR RENT,3500.0,1050.0,2.0,POINT (-123.250686 49.26002),2020-03-14 00:01,3.333333333333333
7085631295,✉Amazing Private Bedroom/Bath in Senior Golf Community✉,550.0,1480.0,,POINT (-123.2088 49.249),2020-03-14 13:43,0.3716216216216216
7088673788,UBC Townhouse Style 1 Bed + Den w/ Covered Porch @ Liberta,1990.0,715.0,1.0,POINT (-123.234087 49.26225),2020-03-14 15:55,2.783216783216784
7088728454,UBC 2 Bed 2 Bath Condo w/ Fireplace & Balcony @ Winslow Commons,2850.0,985.0,2.0,POINT (-123.241205 49.2638),2020-03-14 15:55,2.8934010152284264
7093461222,UBC Wesbrook villiage 2bedroom 2 bath plus den furnished app for rent,3180.0,944.0,2.0,POINT (-123.239565 49.25744),2020-03-14 15:53,3.3686440677966103
7090607564,UBC one bed room condo brand-new,986000.0,625.0,1.0,POINT (-123.251302 49.25986),2020-03-14 14:42,1577.6
7080397430,Quiet house in great neighborhood,850.0,2500.0,,POINT (-123.2088 49.249),2020-03-15 09:56,0.34
7086758785,(VISTAREALTY.NET) BRAND NEW SLEEK 1BR CONDO BY POLYGON COMING UP SOON,2850.0,680.0,1.0,POINT (-123.235316 49.25097),2020-03-14 23:47,4.191176470588236
7085581168,"(UBC) #204-5725 Agronomy Road, Vancouver",2850.0,944.0,2.0,POINT (-123.240083 49.2638),2020-03-14 23:36,3.0190677966101696
7093584094,Bright Spacious 2 Bedroom Condo for rent,3000.0,960.0,2.0,POINT (-123.233804 49.2525),2020-03-14 22:32,3.125
7093572162,"UBC Best Location Wesbrook Mall Penthouse – 2 Bed + Den, 2 Bath",3200.0,1000.0,2.0,POINT (-123.234862 49.25348),2020-03-14 21:22,3.2
7089896607,3 bedroom UBC Penthouse Condo - Ocean View,4200.0,1375.0,3.0,POINT (-123.246002 49.2579),2020-03-14 19:49,3.0545454545454547
7084300632,(VISTAREALTY.NET) BRAND NEW CONCRETE 2-BR 2 BATH CONDO ON UBC CAMPUS,3800.0,900.0,2.0,POINT (-123.234715 49.25091),2020-03-15 12:58,4.2222222222222205
7081134538,Available NOW: 1 bedroom unit on Kings road (inside UBC),1750.0,515.0,1.0,POINT (-123.240385 49.26589),2020-03-15 11:35,3.3980582524271843
7083621969,Dunbar New Two Bedrooms  Basement Suite to Share,1500.0,1300.0,,POINT (-123.2088 49.249),2020-03-15 20:33,1.1538461538461535
7091186330,Wesbrook Ultra-luxury Spacious Condo,5500.0,1910.0,3.0,POINT (-123.234474 49.25508),2020-03-15 19:48,2.8795811518324608
7093461222,UBC Wesbrook villiage 2bedroom 2 bath plus den furnished app for rentd,3180.0,944.0,2.0,POINT (-123.239565 49.25744),2020-03-19 13:27,3.3686440677966103
7079340038,UBC Center - Furnished SITKA 2 bed + 2 Bath Sub-Penthosue FOR RENT,3500.0,1050.0,2.0,POINT (-123.250686 49.26002),2020-03-19 12:54,3.333333333333333
7092859142,OCEAN VIEW Furnished 2 Beds 2 Baths Condo+Den @UBC,4000.0,1288.0,2.0,POINT (-123.247676 49.25591),2020-03-19 12:10,3.1055900621118013
7083132629,4380 SQFT Panorama View Sub-Penthouse at UBC Campus,9800.0,4380.0,4.0,POINT (-123.234415 49.25513),2020-03-19 12:10,2.237442922374429
7091186330,Wesbrook Ultra-luxury Spacious Condo,5500.0,1910.0,3.0,POINT (-123.234474 49.25508),2020-03-19 11:12,2.8795811518324608
7092706014,Bright 2 bedroom 2 Bathroom,2700.0,783.0,,POINT (-123.247611 49.26975),2020-03-19 11:06,3.4482758620689653
7095888793,Bright and Spacious 4 Bedroom Corner Suite - UBC North Campus,5200.0,1338.0,4.0,POINT (-123.251667 49.26968),2020-03-19 10:52,3.8863976083707024
7095888446,Bright 2 Bedroom Suite - UBC North Campus,3000.0,766.0,2.0,POINT (-123.252053 49.27012),2020-03-19 10:52,3.91644908616188
7095885799,Exclusive 1 Bedroom - UBC North Campus,2100.0,374.0,1.0,POINT (-123.252053 49.27012),2020-03-19 10:48,5.614973262032086
7092724002,UBC Wesbrook One Bedroom Plus Den!,2200.0,676.0,1.0,POINT (-123.2088 49.249),2020-03-19 10:23,3.2544378698224854
7085631295,✉Amazing Private Bedroom/Bath in Senior Golf Community✉,550.0,1480.0,,POINT (-123.2088 49.249),2020-03-19 10:03,0.3716216216216216
7096084211,UBC condo near The Village,1980.0,650.0,1.0,POINT (-123.240805 49.26491),2020-03-19 16:38,3.0461538461538464
7084300632,(VISTAREALTY.NET) BRAND NEW CONCRETE 2-BR 2 BATH CONDO ON UBC CAMPUS,3800.0,900.0,2.0,POINT (-123.234715 49.25091),2020-03-19 15:19,4.2222222222222205
7086758785,(VISTAREALTY.NET) BRAND NEW SLEEK 1BR CONDO BY POLYGON COMING UP SOON,2850.0,680.0,1.0,POINT (-123.235316 49.25097),2020-03-19 15:19,4.191176470588236
7080442310,2 Bedroom Garden Level Suite,2200.0,950.0,2.0,POINT (-123.2088 49.249),2020-03-19 14:55,2.3157894736842106
7096018307,Great Location for UBC Student-University 2BR+Den Suite@Prodigy Now!!,3000.0,950.0,2.0,POINT (-123.235939 49.25193),2020-03-19 14:22,3.1578947368421053
7093584094,Bright Spacious 2 Bedroom Condo for rent,3000.0,960.0,2.0,POINT (-123.233804 49.2525),2020-03-19 18:42,3.125
7085581168,"(UBC) #204-5725 Agronomy Road, Vancouver",2850.0,944.0,2.0,POINT (-123.240083 49.2638),2020-03-20 00:50,3.0190677966101696
7078446257,UBC - 2 beds 2 baths,3000.0,860.0,2.0,POINT (-123.232614 49.2544),2020-03-19 23:59,3.4883720930232562
7084081476,"UBC female only, private and basement  room for rent",800.0,2500.0,,POINT (-123.220721 49.26656),2020-03-19 23:40,0.32
7078446257,UBC - 2 beds 2 baths,3000.0,860.0,2.0,POINT (-123.232614 49.2544),2020-03-19 23:59,3.488372093023256
7096363073,RARE VACANCY IN THIS LUXURY APARTMENT !,1500.0,861.0,1.0,POINT (-123.25407 49.271),2020-03-20 10:02,1.7421602787456445
7086262115,West Vancouver 2bedrooms condo furnished only Available May-August,2400.0,723.0,2.0,POINT (-123.244128 49.26426),2020-03-20 13:58,3.319502074688797
7096485006,2 bedroom / 2 bathroom UBC,3300.0,908.0,2.0,POINT (-123.231397 49.25467),2020-03-20 13:29,3.634361233480176
7082499583,$2900 / 2br - 998ft2 - Furnished UBC 2bed/2bath condo for rent! (UBC V,2900.0,998.0,2.0,POINT (-123.247558 49.25759),2020-03-20 13:10,2.9058116232464934
7088673788,UBC Townhouse Style 1 Bed + Den w/ Covered Porch @ Liberta,1990.0,715.0,1.0,POINT (-123.234087 49.26225),2020-03-20 12:47,2.783216783216784
7096453673,"Newly-Renovated, Furnished 2-Bedroom / 2-Bathroom",3250.0,837.0,2.0,POINT (-123.240681 49.2646),2020-03-20 12:25,3.882915173237754
7090436848,High-rise Concrete 1Br plus Den Condo in UBC Wesbrook Village (AR129),2380.0,560.0,1.0,POINT (-123.233514 49.25529),2020-03-20 16:56,4.25
7094476443,1 YR New 2 bedrooms 1 Den Condo in UBC Wesbrook Village (AR115),3200.0,918.0,2.0,POINT (-123.234151 49.25103),2020-03-20 16:56,3.4858387799564268
7088728454,UBC 2 Bed 2 Bath Condo w/ Fireplace & Balcony @ Winslow Commons,2850.0,985.0,2.0,POINT (-123.241205 49.2638),2020-03-20 16:16,2.8934010152284264
7084374181,FOR SALE! Freestanding office/retail building!,0.0,2500.0,,POINT (-123.2088 49.249),2020-03-20 16:14,0.0
7096485006,2 bedroom / 2 bathroom UBC,3300.0,908.0,2.0,POINT (-123.231397 49.25467),2020-03-20 13:29,3.6343612334801763
7082499583,$2900 / 2br - 998ft2 - Furnished UBC 2bed/2bath condo for rent! (UBC V,2900.0,998.0,2.0,POINT (-123.247558 49.25759),2020-03-20 13:10,2.905811623246493
7089970427,6BR luxury house at West 34th Ave Avail April!!,9500.0,5200.0,6.0,POINT (-123.2088 49.249),2020-03-20 23:25,1.8269230769230769
7096659304,one bed room at UBC campus,2000.0,550.0,1.0,POINT (-123.2088 49.249),2020-03-20 20:42,3.636363636363636
7096698878,"UBC HOUSING, PRIME LOCATION - MASTER BEDROOM",1450.0,1250.0,2.0,POINT (-123.233444 49.25851),2020-03-21 02:31,1.16
7096698296,UBC ON CAMPUS-2 bedroom+Fully furnished - MAY 2020,2700.0,1250.0,2.0,POINT (-123.234215 49.25864),2020-03-21 02:22,2.16
7096659304,one bed room at UBC campus,2000.0,550.0,1.0,POINT (-123.2088 49.249),2020-03-20 20:42,3.6363636363636362
7096964678,ONE BEDROOM  DEN AND OFFICE AVAILABLE MAY 1,2450.0,700.0,2.0,POINT (-123.242502 49.2658),2020-03-21 13:04,3.5
7096962127,TWO BEDROOM AVAILABLE MAY 1,2800.0,960.0,2.0,POINT (-123.242502 49.2658),2020-03-21 12:59,2.9166666666666665
7090607564,UBC one bed room condo brand-new,986000.0,625.0,1.0,POINT (-123.251302 49.25986),2020-03-21 10:55,1577.6
7085631295,✉Amazing Private Bedroom/Bath in Senior Golf Community✉,550.0,1480.0,,POINT (-123.2088 49.249),2020-03-21 10:25,0.3716216216216216
7096865613,UBC 2 Bed + Den Southeast facing for rent,3250.0,888.0,2.0,POINT (-123.232543 49.25595),2020-03-21 10:21,3.65990990990991
7096847037,Furnished 1 Bedroom apartment in D (2 full beds)for rent,1650.0,750.0,1.0,POINT (-123.2088 49.249),2020-03-21 09:51,2.2
7096084211,UBC condo near The Village,2080.0,650.0,1.0,POINT (-123.240805 49.26491),2020-03-21 18:02,3.2
7091892400,UBC beautiful 2 bedrooms furnished condo for May-Augus,2400.0,723.0,2.0,POINT (-123.244128 49.26426),2020-03-21 17:11,3.319502074688797
7095822353,"UBC Best Location Wesbrook Mall Penthouse – 2 Bed + Den, 2 Bath",3200.0,1000.0,2.0,POINT (-123.234862 49.25348),2020-03-21 16:28,3.2
7097054520,Exceptional pent house UBC 3br 2 bath w/den,4250.0,1200.0,,POINT (-123.235381 49.25212),2020-03-21 16:06,3.5416666666666665
7093461222,UBC Wesbrook villiage 2bedroom 2 bath plus den furnished app for rentd,3080.0,948.0,2.0,POINT (-123.233975 49.25265),2020-03-21 14:57,3.2489451476793247
7094400042,"Summer Sublet - 3 bedroom, 2 bath apartment in Wesbrook Village, UBC",3600.0,1000.0,3.0,POINT (-123.234973 49.25256),2020-03-22 13:10,3.6
7086758785,(VISTAREALTY.NET) BRAND NEW SLEEK 1BR CONDO BY POLYGON COMING UP SOON,2850.0,680.0,1.0,POINT (-123.235316 49.25097),2020-03-22 11:19,4.191176470588236
7084300632,(VISTAREALTY.NET) BRAND NEW CONCRETE 2-BR 2 BATH CONDO ON UBC CAMPUS,3800.0,900.0,2.0,POINT (-123.234715 49.25091),2020-03-22 11:18,4.2222222222222205
7093584094,Bright Spacious 2 Bedroom Condo for rent,3000.0,960.0,2.0,POINT (-123.233804 49.2525),2020-03-22 11:10,3.125
7097463889,"UBC APARTMENT FOR RENT (5639 Hampton PL, UBC)",2900.0,1100.0,2.0,POINT (-123.235475 49.25805),2020-03-22 15:57,2.636363636363636
7097405270,7br home near UBC for rent,925.0,3200.0,7.0,POINT (-123.2212 49.266),2020-03-22 13:37,0.2890625
7097568209,Apt. at University Village.,1650.0,515.0,1.0,POINT (-123.239298 49.26666),2020-03-22 23:05,3.2038834951456314
7084081476,"UBC female only, private and basement  room for rent",800.0,2500.0,,POINT (-123.220721 49.26656),2020-03-22 21:34,0.32
7097541478,3Bed Ground Floor Luxury Condo -Furnished (Optional),3800.0,1000.0,3.0,POINT (-123.233675 49.25456),2020-03-22 20:16,3.8
7097463889,"UBC TWO BEDROOM APARTMENT FOR RENT (5639 Hampton PL, UBC)",2900.0,1100.0,2.0,POINT (-123.235475 49.25805),2020-03-22 15:57,2.636363636363636
7097600220,Vancouver west side 5 bedrooms for rent,4400.0,3000.0,5.0,POINT (-123.197765 49.23546),2020-03-23 04:51,1.4666666666666666
7097599984,Vancouver west side 1 bedroom for rent,900.0,3000.0,1.0,POINT (-123.197765 49.23512),2020-03-23 04:50,0.3
7097599803,Vancovuer West Side 1 bedroom for 2 UBC students,1200.0,1300.0,1.0,POINT (-123.197937 49.23524),2020-03-23 04:48,0.9230769230769232
7097599273,Vancouver west side 7 bedrooms for rent,6500.0,3000.0,7.0,POINT (-123.197379 49.23511),2020-03-23 04:45,2.1666666666666665
7094345272,UBC Bright 2 Bedroom Condo For Rent,2600.0,1056.0,2.0,POINT (-123.232987 49.25819),2020-03-23 09:11,2.462121212121212
7088673788,UBC Townhouse Style 1 Bed + Den w/ Covered Porch @ Liberta,1990.0,715.0,1.0,POINT (-123.234087 49.26225),2020-03-23 09:03,2.783216783216784
7097923444,UBC condo near The Village,2080.0,650.0,1.0,POINT (-123.240805 49.26491),2020-03-23 14:52,3.2
7097880639,Summer sublet at 4717 Chancellor Blvd,950.0,3526.0,5.0,POINT (-123.2242 49.268),2020-03-23 14:47,0.2694271128757799
7090607564,UBC one bed room condo brand-new,986000.0,625.0,1.0,POINT (-123.251302 49.25986),2020-03-23 13:27,1577.6
7085581168,"(UBC) #204-5725 Agronomy Road, Vancouver",2850.0,944.0,2.0,POINT (-123.240083 49.2638),2020-03-23 12:27,3.0190677966101696
7094476443,1 YR New 2 bedrooms 1 Den Condo in UBC Wesbrook Village (AR115),3200.0,918.0,2.0,POINT (-123.234151 49.25103),2020-03-23 12:12,3.4858387799564268
7090436848,High-rise Concrete 1Br plus Den Condo in UBC Wesbrook Village (AR129),2380.0,560.0,1.0,POINT (-123.233514 49.25529),2020-03-23 12:12,4.25
7094045383,Fully Furnished Laneway House in Dunbar Vancouver Westside UBC,2500.0,700.0,2.0,POINT (-123.2088 49.249),2020-03-23 11:41,3.571428571428572
7083621969,Dunbar New Two Bedrooms  Basement Suite to Share,1500.0,1300.0,,POINT (-123.2088 49.249),2020-03-23 11:41,1.1538461538461535
7092724002,UBC Wesbrook One Bedroom Plus Den!,2200.0,676.0,1.0,POINT (-123.2088 49.249),2020-03-23 11:34,3.2544378698224854
7092706014,Bright 2 bedroom 2 Bathroom,2700.0,783.0,,POINT (-123.247611 49.26975),2020-03-23 11:34,3.4482758620689653
7095338246,The bright basement suite,1800.0,800.0,2.0,POINT (-123.2088 49.249),2020-03-23 11:32,2.25
7095343993,The nice suite,1500.0,700.0,2.0,POINT (-123.2088 49.249),2020-03-23 11:32,2.142857142857143
7095332295,High Ceiling and  Bright Suite,1990.0,800.0,2.0,POINT (-123.2088 49.249),2020-03-23 11:32,2.4875
7095797065,LUXURY PENTHOUSE 4 BED + 3 BATH + 2 PRIVATE PARKING IN VANCOUVER (UBC),6000.0,2200.0,4.0,POINT (-123.253233 49.27064),2020-03-23 11:21,2.727272727272727
7094319530,UBC 4 Bed 3 Bath 4 Parking Stalls A Must See,2488000.0,2300.0,4.0,POINT (-123.232987 49.25819),2020-03-23 19:41,1081.7391304347825
7092668942,Fully Furnished Large 1 Bedroom with balcony at UBC Campus,2600.0,670.0,1.0,POINT (-123.242515 49.26374),2020-03-23 18:47,3.8805970149253732
7097986742,great location: 2 bedrooms basement suite for rent,1850.0,850.0,2.0,POINT (-123.2088 49.249),2020-03-23 17:19,2.176470588235294
7088728454,UBC 2 Bed 2 Bath Condo w/ Fireplace & Balcony @ Winslow Commons,2850.0,985.0,2.0,POINT (-123.241205 49.2638),2020-03-23 17:08,2.8934010152284264
7084374181,FOR SALE! Freestanding office/retail building!,0.0,2500.0,,POINT (-123.2088 49.249),2020-03-23 15:58,0.0
7098058518,UBC apartment for rent,3500.0,960.0,2.0,POINT (-123.2088 49.249),2020-03-23 22:08,3.6458333333333335
7092668942,Fully Furnished Large 1 Bedroom with balcony at UBC Campus,2600.0,670.0,1.0,POINT (-123.242515 49.26374),2020-03-23 18:47,3.880597014925373
7097986742,2 bdrms & 1 bdrm plus one Den basement suite for rent,1850.0,850.0,2.0,POINT (-123.2088 49.249),2020-03-23 17:19,2.176470588235294
7099473716,"1-BR plus Den, green townhouse at UBC",1750.0,710.0,1.0,POINT (-123.241453 49.2664),2020-03-26 18:47,2.4647887323943656
7090436848,High-rise Concrete 1Br plus Den Condo in UBC Wesbrook Village (AR129),2380.0,560.0,1.0,POINT (-123.233514 49.25529),2020-03-26 17:22,4.25
7094476443,1 YR New 2 bedrooms 1 Den Condo in UBC Wesbrook Village (AR115),3200.0,918.0,2.0,POINT (-123.234151 49.25103),2020-03-26 17:22,3.4858387799564268
7093584094,Bright Spacious 2 Bedroom Condo for rent,3000.0,960.0,2.0,POINT (-123.233804 49.2525),2020-03-26 15:51,3.125
7099409087,Great Location for UBC Student-University 2BR+Den Suite@Prodigy Now!!,3000.0,950.0,2.0,POINT (-123.235939 49.25193),2020-03-26 15:49,3.1578947368421053
7083621969,Dunbar New Two Bedrooms  Basement Suite to Share,1400.0,1300.0,,POINT (-123.2088 49.249),2020-03-26 14:29,1.0769230769230769
7094045383,Fully Furnished Laneway House in Dunbar Vancouver Westside UBC,2000.0,700.0,2.0,POINT (-123.2088 49.249),2020-03-26 14:27,2.8571428571428568
7084300632,(VISTAREALTY.NET) BRAND NEW CONCRETE 2-BR 2 BATH CONDO ON UBC CAMPUS,3800.0,900.0,2.0,POINT (-123.234715 49.25091),2020-03-26 14:07,4.2222222222222205
7086758785,(VISTAREALTY.NET) BRAND NEW SLEEK 1BR CONDO BY POLYGON COMING UP SOON,2850.0,680.0,1.0,POINT (-123.235316 49.25097),2020-03-26 14:06,4.191176470588236
7099526489,UBC Westbrook Condo 800$Now,800.0,1300.0,,POINT (-123.2088 49.249),2020-03-26 23:49,0.6153846153846154
7085581168,"(UBC) #204-5725 Agronomy Road, Vancouver",2850.0,944.0,2.0,POINT (-123.240083 49.2638),2020-03-26 23:39,3.0190677966101696
7095797065,LUXURY PENTHOUSE 4 BED + 3 BATH + 2 PRIVATE PARKING IN VANCOUVER (UBC),6000.0,2200.0,4.0,POINT (-123.253233 49.27064),2020-03-26 23:02,2.727272727272727
7099521936,"UBC Best Location Wesbrook Mall Penthouse – 2 Bed + Den, 2 Bath",3200.0,1000.0,2.0,POINT (-123.234862 49.25348),2020-03-26 22:59,3.2
7095293752,"SHOWINGS. 2 bed plus office/den, 2 ba, patio, dog friendly",3300.0,1000.0,2.0,POINT (-123.231797 49.25444),2020-03-26 21:55,3.3
7098531274,UBC condo near The Village,2080.0,650.0,1.0,POINT (-123.240805 49.26491),2020-03-26 20:29,3.2
7099526489,UBC KITSALANO CONDO 1400sft /ROOM 900$ ASAP,900.0,1400.0,,POINT (-123.2088 49.249),2020-03-26 23:49,0.6428571428571429
7098582719,You Can Afford To Dwell Well.,2980.0,1001.0,2.0,POINT (-123.248302 49.25848),2020-03-27 04:56,2.977022977022977
7099808073,"2BEDROOM,2 BATHROOM, HIGHRISE, UBC",3200.0,898.0,2.0,POINT (-123.23042 49.254),2020-03-27 13:01,3.5634743875278403
7099795131,Bright and Spacious 4 Bedroom Corner Suite - UBC North Campus,5200.0,1338.0,4.0,POINT (-123.251667 49.26968),2020-03-27 12:38,3.8863976083707024
7099794021,Exclusive 1 Bedroom - UBC North Campus,2100.0,416.0,1.0,POINT (-123.252053 49.27012),2020-03-27 12:37,5.0480769230769225
7099793848,Bright 2 Bedroom Suite - UBC North Campus,3000.0,838.0,2.0,POINT (-123.252053 49.27012),2020-03-27 12:36,3.5799522673031032
7099778553,UBC Brandnew 3 Bedroom High rise condo for rent,3600.0,1100.0,3.0,POINT (-123.230036 49.25315),2020-03-27 12:10,3.272727272727273
7099775082,UBC 2BEDROOM NEW CONDO,3200.0,950.0,,POINT (-123.232098 49.2517),2020-03-27 12:06,3.3684210526315788
7099742601,TWO BEDROOM AVAILABLE MAY 1,2450.0,700.0,2.0,POINT (-123.242502 49.2658),2020-03-27 11:16,3.5
7099742861,TWO BEDROOM AVAILABLE MAY 1,2800.0,960.0,2.0,POINT (-123.242502 49.2658),2020-03-27 11:11,2.9166666666666665
7089154466,UBC Wesbrook new Eton 2 bedroom for rent,3200.0,950.0,2.0,POINT (-123.232355 49.25458),2020-03-27 10:31,3.3684210526315788
7092776360,UBC Eton 3 bedroom ground floor  for rent,4400.0,1300.0,3.0,POINT (-123.233471 49.25324),2020-03-27 10:29,3.3846153846153846
7094345272,UBC Bright 2 Bedroom Condo For Rent,2600.0,1056.0,2.0,POINT (-123.232987 49.25819),2020-03-27 09:57,2.462121212121212
7099942954,Ubc - Cozy 3 Bedrooms,3300.0,1001.0,,POINT (-123.248302 49.25848),2020-03-27 17:54,3.2967032967032965
7099968885,2 bedroom / 2 bathroom UBC Eton,3300.0,908.0,2.0,POINT (-123.230036 49.25315),2020-03-27 19:21,3.6343612334801763
7099942954,Ubc - Cozy 3 Bedrooms (Short term rental available),2900.0,1001.0,,POINT (-123.248302 49.25848),2020-03-27 17:54,2.897102897102897
7098531274,UBC condo near The Village,2080.0,650.0,1.0,POINT (-123.240805 49.26491),2020-03-28 20:37,3.2
7099038583,UBC 2 Bedroom 2 bathroom,2850.0,830.0,2.0,POINT (-123.235531 49.25251),2020-03-28 20:26,3.433734939759036
7097463889,"UBC TWO BEDROOM APARTMENT FOR RENT (5639 Hampton PL, UBC)",2900.0,1100.0,2.0,POINT (-123.235475 49.25805),2020-03-28 16:03,2.636363636363636
7090607564,UBC one bed room condo brand-new,986000.0,625.0,1.0,POINT (-123.251302 49.25986),2020-03-28 16:01,1577.6
7088728454,UBC 2 Bed 2 Bath Condo w/ Fireplace & Balcony @ Winslow Commons,2850.0,985.0,2.0,POINT (-123.241205 49.2638),2020-03-28 13:24,2.8934010152284264
7100292388,ONE BEDROOM IN 4-BED UNIT AVAILABLE IN UBC’S NEWEST RESIDENCE,750.0,800.0,1.0,POINT (-123.248167 49.26915),2020-03-28 13:24,0.9375
7085581168,"(UBC) #204-5725 Agronomy Road, Vancouver",2850.0,944.0,2.0,POINT (-123.240083 49.2638),2020-03-29 00:40,3.0190677966101696
7098582719,You Can Afford To Dwell Well.,2980.0,1001.0,2.0,POINT (-123.248302 49.25848),2020-03-29 05:02,2.977022977022977
7100587551,Apr 1-UBC Campus -One room in two bedroom $749/month all incl,749.0,600.0,,POINT (-123.241157 49.26627),2020-03-29 09:29,1.2483333333333333
7100699955,3 bedroom Apartment for rent - 2 level Townhome,3600.0,1600.0,3.0,POINT (-123.25201 49.27087),2020-03-29 13:14,2.25
7100698644,Excellent UBC Luxury 2 Bed + 2 Bath,3000.0,850.0,2.0,POINT (-123.231304 49.25436),2020-03-29 13:11,3.5294117647058822
7100682727,Prestigious Sub-Penthouse 2 BEDROOM + DEN Ocean Views in heart of UBC,3500.0,1400.0,2.0,POINT (-123.252783 49.2706),2020-03-29 12:38,2.5
7096865613,UBC 2 Bed + Den Southeast facing for rent,3250.0,888.0,2.0,POINT (-123.232543 49.25595),2020-03-29 12:33,3.65990990990991
7092776360,UBC Eton 3 bedroom ground floor  for rent,4400.0,1300.0,3.0,POINT (-123.233471 49.25324),2020-03-29 12:18,3.3846153846153846
7089154466,UBC Wesbrook new Eton 2 bedroom for rent,3200.0,950.0,2.0,POINT (-123.232355 49.25458),2020-03-29 12:18,3.3684210526315788
7099775082,UBC 2BEDROOM NEW CONDO,3200.0,950.0,,POINT (-123.232098 49.2517),2020-03-29 12:18,3.3684210526315788
7099778553,UBC Brandnew 3 Bedroom High rise condo for rent,3800.0,1100.0,3.0,POINT (-123.230036 49.25315),2020-03-29 12:17,3.4545454545454546
7091892400,UBC beautiful 2 bedrooms furnished condo for May-Augus,2400.0,723.0,2.0,POINT (-123.244128 49.26426),2020-03-29 11:40,3.319502074688797
7086262115,West Vancouver 2bedrooms condo furnished only Available May-August,2400.0,723.0,2.0,POINT (-123.244128 49.26426),2020-03-29 11:39,3.319502074688797
7086758785,(VISTAREALTY.NET) BRAND NEW SLEEK 1BR CONDO BY POLYGON COMING UP SOON,2850.0,680.0,1.0,POINT (-123.235316 49.25097),2020-03-29 10:44,4.191176470588236
7084300632,(VISTAREALTY.NET) BRAND NEW CONCRETE 2-BR 2 BATH CONDO ON UBC CAMPUS,3800.0,900.0,2.0,POINT (-123.234715 49.25091),2020-03-29 10:43,4.2222222222222205
7100623091,"Room, all utilities included",1050.0,500.0,,POINT (-123.221712 49.267),2020-03-29 10:40,2.1
7095797065,LUXURY PENTHOUSE 4 BED + 3 BATH + 2 PRIVATE PARKING IN VANCOUVER (UBC),6000.0,2200.0,4.0,POINT (-123.253233 49.27064),2020-04-05 14:48,2.727272727272727
7103958504,UBC on-Campus Westbrook Condo 2Bed 2 Bath,2900.0,800.0,2.0,POINT (-123.2088 49.249),2020-04-05 13:59,3.625
7099065362,✉Amazing Private Bedroom/Bath in Senior Golf Community✉,550.0,1480.0,,POINT (-123.2088 49.249),2020-04-05 13:25,0.3716216216216216
7090493518,SPACIOUS TWO BEDROOM & DEN WITH BALCONY IN THE HEART OF UBC,3200.0,992.0,2.0,POINT (-123.240938 49.26135),2020-04-05 12:56,3.2258064516129035
7103863371,TWO BEDROOM AVAILABLE MAY 1,2450.0,700.0,2.0,POINT (-123.242502 49.2658),2020-04-05 10:45,3.5
7097463889,"UBC TWO BEDROOM APARTMENT FOR RENT (5639 Hampton PL, UBC)",2900.0,1100.0,2.0,POINT (-123.235475 49.25805),2020-04-05 09:22,2.636363636363636
7102778825,UBC beautiful 2 bedrooms furnished condo for May-Augus,2300.0,723.0,2.0,POINT (-123.244128 49.26426),2020-04-05 16:56,3.1811894882434304
7104027026,UBC beautiful 2 bedrooms furnished condo for May-Augus,2300.0,723.0,2.0,POINT (-123.244128 49.26426),2020-04-05 16:55,3.1811894882434304
7093584094,Bright Spacious 2 Bedroom Condo for rent,3000.0,960.0,2.0,POINT (-123.233804 49.2525),2020-04-05 21:39,3.125
7104093655,UBC most Central  location high-rise two bed two bath appt for rent!,3300.0,873.0,2.0,POINT (-123.245144 49.26001),2020-04-05 21:23,3.7800687285223367
7104116686,"UBC 2 BR (both ensuite) TOWNHOUSE NEAR BUS LOOP, U-HILL AREA",3500.0,1212.0,2.0,POINT (-123.247945 49.2703),2020-04-06 00:28,2.8877887788778884
7104133093,UBC furnished 1 bed plus den suite for rent,2650.0,670.0,1.0,POINT (-123.232613 49.25433),2020-04-06 03:55,3.955223880597015
7098561350,THIS IS AN amazing condo IN A SUPER LOCATION,2500.0,1001.0,2.0,POINT (-123.248302 49.25848),2020-04-06 01:27,2.4975024975024973
7090436848,High-rise Concrete 1Br plus Den Condo in UBC Wesbrook Village (AR129),2380.0,560.0,1.0,POINT (-123.233514 49.25529),2020-04-06 10:20,4.25
7104292087,"1-BR plus Den, green townhouse at UBC",1750.0,710.0,1.0,POINT (-123.239714 49.26812),2020-04-06 10:02,2.4647887323943656
7099246546,"Attractive 3 Bedroom, 1 Bathroom House with Fireplace, Private Patio a",3995.0,2390.0,3.0,POINT (-123.2088 49.249),2020-04-06 09:49,1.6715481171548117
7102266496,New 2 Bedroom + 2 Bath for Rent,2800.0,883.0,2.0,POINT (-123.233299 49.25542),2020-04-06 13:50,3.1710079275198186
7091186330,Wesbrook Ultra-luxury Spacious Condo,5500.0,1910.0,3.0,POINT (-123.234474 49.25508),2020-04-06 13:50,2.8795811518324608
7101658698,Beautiful 2 bed+2 bath apartment near UBC,3000.0,836.0,2.0,POINT (-123.23042 49.254),2020-04-06 13:48,3.5885167464114827
7101634527,Brilliant 2Bed+2Bath Apartment near UBC,3200.0,958.0,2.0,POINT (-123.22978 49.25299),2020-04-06 13:48,3.3402922755741127
7100682727,Prestigious Sub-Penthouse 2 BEDROOM + DEN Ocean Views in heart of UBC,3500.0,1400.0,2.0,POINT (-123.252783 49.2706),2020-04-06 12:36,2.5
7094345272,UBC Bright 2 Bedroom Condo For Rent,2600.0,1056.0,2.0,POINT (-123.232987 49.25819),2020-04-06 12:33,2.462121212121212
7095293752,"SHOWINGS. 2 bed plus office/den, 2 ba, patio, dog friendly",3300.0,1000.0,2.0,POINT (-123.231797 49.25444),2020-04-06 12:32,3.3
7104371857,Luxury 2 bedroom apartment UBC,3300.0,908.0,2.0,POINT (-123.231883 49.25446),2020-04-06 12:21,3.6343612334801763
7092706014,Bright 2 bedroom 2 Bathroom,2600.0,783.0,,POINT (-123.247611 49.26975),2020-04-06 11:38,3.3205619412515963
7104351631,2 Bedroom 2 Bathroom furnished at UBC Village,2700.0,1000.0,2.0,POINT (-123.241389 49.26343),2020-04-06 11:35,2.7
7101788853,UBC Wesbrook Village 2 bdrm 2 bath,2600.0,795.0,2.0,POINT (-123.236539 49.25157),2020-04-07 20:20,3.2704402515723263
7105048537,"Vancouver Westside Luxury Condos from $1,480,000",1480000.0,1008.0,2.0,POINT (-123.210766 49.24847),2020-04-07 18:15,1468.2539682539682
7097463889,"UBC TWO BEDROOM APARTMENT FOR RENT (5639 Hampton PL, UBC)",2900.0,1100.0,2.0,POINT (-123.235475 49.25805),2020-04-07 16:26,2.636363636363636
7096865613,UBC 2 Bed + Den Southeast facing for rent,3200.0,888.0,2.0,POINT (-123.232543 49.25595),2020-04-07 15:08,3.603603603603603
7104966236,"South East Facing, Luxuriously 2br 2ba Condo in vibrant UBC Village",3300.0,994.0,2.0,POINT (-123.2088 49.249),2020-04-07 14:55,3.3199195171026163
7101062283,"Concrete 2 bedroom + den in Westbrook mall, UBC, Available Now",2900.0,800.0,2.0,POINT (-123.235313 49.25427),2020-04-07 13:42,3.625
7105103041,3 Bedroom Townhouse Next to Walter Gage / UBC Allard Law!,3400.0,1407.0,3.0,POINT (-123.249457 49.27061),2020-04-07 22:18,2.4164889836531627
7105099734,Five Bedroom Furnished Near UBC - Perfect for 5 or 6 students,4400.0,2000.0,5.0,POINT (-123.2088 49.249),2020-04-07 21:54,2.2
7097600220,Vancouver west side 5 bedrooms for rent,4400.0,3000.0,5.0,POINT (-123.197765 49.23546),2020-04-08 03:43,1.4666666666666666
7097599984,Vancouver west side 1 bedroom for rent,900.0,3000.0,1.0,POINT (-123.197765 49.23512),2020-04-08 03:43,0.3
7097599803,Vancovuer West Side 1 bedroom for 2 UBC students,1200.0,1300.0,1.0,POINT (-123.197937 49.23524),2020-04-08 03:42,0.9230769230769232
7097599273,Vancouver west side 7 bedrooms for rent,6500.0,3000.0,7.0,POINT (-123.197379 49.23511),2020-04-08 03:42,2.1666666666666665
7105124715,Furnished and unfurnished units available soon,1950.0,1022.0,2.0,POINT (-123.243942 49.26753),2020-04-08 02:24,1.908023483365949
7101659713,"UBC female only, private and basement  room for rent",800.0,2500.0,,POINT (-123.222917 49.26662),2020-04-08 05:16,0.32
7094345272,UBC Bright 2 Bedroom Condo For Rent,2600.0,1056.0,2.0,POINT (-123.232987 49.25819),2020-04-09 14:05,2.462121212121212
7105941441,Great Location for UBC Student-University 2BR+Den Suite@Prodigy Now!!,3000.0,950.0,2.0,POINT (-123.235939 49.25193),2020-04-09 13:59,3.1578947368421053
7094811418,Spacious Newly Renovated Pet Friendly 2BR Suites in UBC,2625.0,944.0,2.0,POINT (-123.240037 49.26632),2020-04-09 13:59,2.7807203389830506
7095338246,The bright basement suite,1800.0,800.0,2.0,POINT (-123.2088 49.249),2020-04-09 13:03,2.25
7095343993,The nice suite,1500.0,700.0,2.0,POINT (-123.2088 49.249),2020-04-09 13:03,2.142857142857143
7095332295,High Ceiling and  Bright Suite,1990.0,800.0,2.0,POINT (-123.2088 49.249),2020-04-09 13:03,2.4875
7097986742,2 bdrms & 1 bdrm plus one Den basement suite for rent,1800.0,850.0,2.0,POINT (-123.2088 49.249),2020-04-09 11:08,2.117647058823529
7104770868,(VISTAREALTY.NET) BRAND NEW SLEEK 1BR CONDO BY POLYGON COMING UP SOON,2850.0,680.0,1.0,POINT (-123.235316 49.25097),2020-04-09 10:23,4.191176470588236
7104776276,(VISTAREALTY.NET) BRAND NEW CONCRETE 2-BR 2 BATH CONDO ON UBC CAMPUS,3800.0,900.0,2.0,POINT (-123.234715 49.25091),2020-04-09 10:23,4.2222222222222205
7106049582,"South East Facing, Luxuriously 2br 2ba Condo in vibrant UBC Village",3300.0,994.0,2.0,POINT (-123.2088 49.249),2020-04-09 18:05,3.3199195171026163
7102231419,UBC 4 Bed Basement Suite All inclusive,3300.0,1600.0,4.0,POINT (-123.248256 49.27239),2020-04-09 17:25,2.0625
7103958504,UBC on-Campus Westbrook Condo 2Bed 2 Bath,2900.0,800.0,2.0,POINT (-123.2088 49.249),2020-04-09 17:24,3.625
7106033533,UBC One Bedroom One Den,2400.0,609.0,1.0,POINT (-123.235917 49.25357),2020-04-09 17:23,3.9408866995073883
7092859142,OCEAN VIEW Furnished 2 Beds 2 Baths Condo+Den @UBC,3800.0,1288.0,2.0,POINT (-123.247676 49.25591),2020-04-09 17:14,2.950310559006211
7104524041,Beautiful UBC 5br condo,3900.0,1428.0,5.0,POINT (-123.2088 49.249),2020-04-09 16:30,2.73109243697479
7095293752,"SHOWINGS. 2 bed plus office/den, 2 ba, patio, dog friendly",3300.0,1000.0,2.0,POINT (-123.231797 49.25444),2020-04-09 22:06,3.3
7104596926,Vancouver 西区UBC附近2房1厅出租,2200.0,500.0,2.0,POINT (-123.2088 49.249),2020-04-09 21:00,4.4
7100682727,Prestigious Sub-Penthouse 2 BEDROOM + DEN Ocean Views in heart of UBC,3500.0,1400.0,2.0,POINT (-123.252783 49.2706),2020-04-09 20:17,2.5
7106033533,UBC One Bedroom One Den,2400.0,609.0,1.0,POINT (-123.235917 49.25357),2020-04-09 17:23,3.940886699507388
7103268557,"(UBC) #204-5725 Agronomy Road, Vancouver",2850.0,944.0,2.0,POINT (-123.240083 49.2638),2020-04-10 01:54,3.0190677966101696
7101659713,"UBC female only, private and basement  room for rent",800.0,2500.0,,POINT (-123.222917 49.26662),2020-04-10 11:07,0.32
7103460848,Westcott Commons 2388 Western Parkway FURNISHED 2 beds 2 bath for rent,2850.0,880.0,2.0,POINT (-123.242122 49.26476),2020-04-10 10:47,3.2386363636363638
7094070557,UBC apartment Van Campus Western Pky $ 988 /month,988.0,700.0,,POINT (-123.241244 49.26304),2020-04-10 10:25,1.4114285714285717
7103613043,UBC apt Van Campus Western Pky- Master br,1299.0,700.0,1.0,POINT (-123.241244 49.26304),2020-04-10 10:25,1.8557142857142856
7092706014,Bright 2 bedroom 2 Bathroom,2600.0,783.0,,POINT (-123.247611 49.26975),2020-04-10 15:02,3.3205619412515963
7097463889,"UBC TWO BEDROOM APARTMENT FOR RENT (5639 Hampton PL, UBC)",2900.0,1100.0,2.0,POINT (-123.235475 49.25805),2020-04-10 14:31,2.636363636363636
7106463917,"SHOWINGS. 2 bed plus office/den, 2 ba, patio, dog friendly",3300.0,1000.0,2.0,POINT (-123.231797 49.25444),2020-04-10 14:28,3.3
7106429017,Modern 2 Bedroom Suite in Stylish Kitsilano!,3000.0,700.0,2.0,POINT (-123.197041 49.25655),2020-04-10 13:51,4.285714285714286
7099065362,✉Amazing Private Bedroom/Bath in Senior Golf Community✉,550.0,1480.0,,POINT (-123.2088 49.249),2020-04-10 12:50,0.3716216216216216
7103460848,Westcott Commons 2388 Western Parkway FURNISHED 2 beds 2 bath for rent,2850.0,880.0,2.0,POINT (-123.242122 49.26476),2020-04-10 10:47,3.238636363636364
